file,record,offset,type,speaker,node,tokens,bytes_used,max_bytes,chinese,english
game1.msg,0,0x00000031,mixed,65,0,,40,236,起床啦！快來吃早飯！,Wake up! Come and eat breakfast.
game1.msg,1,0x0000012E,mixed,1,3,,47,236,這樣的飯菜已經吃好久了！,We have been eating food like this for so long.
game1.msg,2,0x0000022B,placeholder,65,4,Ａ,92,236,Ａ，不要有所抱怨，付錢給我的地主富豪，不會在乎我們如何填飽肚子！,"Ａ, do not complain. The landlords who pay my wages could not care less how we eat."
game1.msg,3,0x00000328,mixed,1,0,,96,236,我不該抱怨的！我早已知道這一生注定不會榮華富貴！,I should not complain. I always knew this life was never meant for wealth or glory.
game1.msg,4,0x00000425,mixed,65,6,,189,236,我不知道該如何回答‧‧聽媽媽的話，好好的做人比什麼都重要！我等一下要到德佳古鎮，看看有沒有合適的工作，聽說那裡的有錢人比較和善‧‧,I do not know how to answer... Listen to your mother. Being decent matters more than anything. I am off to Dejia Old Town to look for work. They say the rich there are kinder...
game1.msg,5,0x00000522,mixed,1,7,,142,236,算了吧！天下的烏鴉一般黑！那些個高貴人士仗著有幾個臭錢就可以不把人當人看，去那還不是都一樣！,Forget it. Crows are black the world over. Those nobles think a few coins let them treat us as less than human. Going there changes nothing.
game1.msg,6,0x0000061F,mixed,65,8,,159,236,‧‧‧做事都吃不飽了，更何況沒做事！你也已經十八歲了，這幾天媽不在家，仔細地想想看未來要做什麼？等我回來再告訴我！,"...We go hungry even in work, let alone without it. You are eighteen now. I will be away some days. Think hard about your future, and tell me when I return."
game1.msg,7,0x0000071C,mixed,1,9,,164,236,我的未來有什麼好想的？反正已經沒的選擇！我只有一個問題‧為什麼我沒有爸爸？為什麼我每次一問起妳就轉過頭去暗自哭泣？這個疑問已經存在十八年了，是不是還要繼續存在著？,What is there to think about? I have no choice. I have one question. Why do I have no father? Why do you turn away and weep when I ask? Must it stand forever?
game1.msg,8,0x00000819,mixed,65,0A,,148,236,你的態度令媽傷心‧‧每個人都可以離開我，每個人都可以傷害我，只有你不行！我對你的愛超過所有的人，勝過千言萬語！為什麼你不相信？,Your tone breaks my heart... Anyone may leave me. Anyone may hurt me. Only you may not. I love you beyond any words. Why will you not believe me?
game1.msg,9,0x00000916,mixed,1,0B,,148,236,媽！我還記得有一天我們走在下著大雨的路上，我又問起同樣的問題，我看見您在流淚，我問您是不是在哭‧‧您笑著說只是雨水‧‧,"Mother, I remember walking the road in the pouring rain. I asked the same question. I saw you crying... You smiled and said it was only the rain..."
game1.msg,10,0x00000A13,mixed,65,0C,,186,236,媽沒哭‧‧現在真的沒哭！人生不可能十全十美，既使有某些缺憾，你也要視若無睹，還有，不要憤世忌俗，一個人的成功都是靠運氣，羨慕運氣好的人不是很愚蠢嗎？,"I was not crying... I am truly not crying now. No life is perfect. Where it falls short, look past it. Do not turn bitter. Success is only luck. Is it foolish to envy the lucky?"
game1.msg,11,0x00000B10,mixed,1,0D,,168,236,我有運氣也一樣不能成功的！不是嗎？為什麼人從哇哇墜地的那一刻就已決定了命運？為什麼我不能走我自己的路？為什麼我們的付出永遠看不到收穫？,Even with luck I would get nowhere. Why is a life decided the moment we are born? Why can I not walk my own road? Why do we never see a harvest from what we give?
game1.msg,12,0x00000C0D,mixed,65,0E,,191,236,你為什麼會有這麼多個為什麼？你想的事情已經超過你的年紀，吃飯的時後就吃飯，去溪邊釣魚就釣魚，不要想太多！我也該走了，拜託你把自己照顧的好好的，不要讓媽擔心，答應我！,"Where do all these questions come from? You think beyond your years. When it is time to eat, eat. Do not think so much. I must go. Take care, and do not make me worry. Promise me."
game1.msg,13,0x00000D0A,mixed,1,0F,,42,236,我知道！媽您也要照顧好自己！,"I know. Look after yourself too, mother."
game1.msg,14,0x00000E07,placeholder,65,0,Ａ,27,236,Ａ，我也答應你！,"Ａ, I promise you the same."
game1.msg,15,0x00000F04,mixed,1,0,,76,236,嘿！嘿！我自由了！我要去孟郡城玩一玩，好主意！,Hey! Hey! I am free! I will go and have some fun in Mengjun City. Good idea!
game1.msg,16,0x00001001,mixed,1,0,,19,236,又是一個無聊的一天！,Another boring day.
game10.msg,0,0x00000031,placeholder,0,2,Ａ,54,236,Ａ，你的臉色好像不太好噢！媽媽不在家自己要照顧好自己！,"Ａ, you do not look well. With your mother away you have to take care of yourself."
game10.msg,1,0x0000012E,dialogue,1,0,,16,236,謝謝大嬸的關心。,"Thank you for worrying about me, ma'am."
game10.msg,2,0x0000022B,dialogue,0,4,,48,236,你媽媽是個大美人，她的容貌卻給自己帶來悲傷，唉！,"Your mother is a great beauty, but her looks only ever brought her sorrow. Ah..."
game10.msg,3,0x00000328,dialogue,1,5,,102,236,為什麼我沒有父親？他到底是生還是死？就算是死了，我也該到他的墓前表達我的心意，我到底是不是我媽媽生的？,"Why do I have no father? Is he alive or dead? Even if he is dead, I should stand at his grave and say what I feel. Am I even my mother's son?"
game10.msg,4,0x00000425,dialogue,0,0,,16,236,好了！不多說了！,Enough. Let us say no more.
game10.msg,5,0x00000522,dialogue,0,7,,82,236,不好了！在你媽媽走過之後，通往殘慟谷的聯外道路因落石坍方而不能進出，這該如何是好？,"Bad news. After your mother left, the road out to the Vale of Grief was buried by a rockslide. Nothing can get through. What are we going to do?"
game10.msg,6,0x0000061F,dialogue,1,0,,30,236,大嬸別擔心！我這就去告訴村長。,"Do not worry, ma'am. I will go and tell the village chief."
game10.msg,7,0x0000071C,dialogue,0,9,,174,236,我老了！我的人生每一天都是痛苦的旅程，我看著老天爺的臉色過活，我渡過祈求天降甘霖的日子，我走過乾旱的大地，但這些人卻令我生不如死，也許，當我的生命走到盡頭，我會帶著笑容離去！,"I am old. Every day of my life is a painful journey. I lived at heaven's mercy, prayed for rain, crossed parched land. But these people make death kinder. Maybe I'll die smiling."
game10.msg,8,0x00000819,dialogue,1,0,,20,236,你說的話令我很難過！,What you say makes me very sad.
game10.msg,9,0x00000916,dialogue,0,0,,84,236,因為殘慟谷遭到我們的過度濫墾及濫伐，前天的一場大雨造成山崩，還好沒有危害到我們村子。,The Vale of Grief was stripped bare by our own clearing and logging. The heavy rain two days ago brought the hillside down. At least our village was spared.
game10.msg,10,0x00000A13,dialogue,0,0,,70,236,這個國家再也沒有魔法師了，聽說摩羅王已經剷除這些他所謂的超級恐怖份子！,There are no magicians left in this country. They say King Moro has wiped out every one of the men he called super-terrorists.
game102.msg,0,0x00000031,dialogue,0,2,,58,236,我走在宣恩城的街上，寂寞地走著，我的心情沈重，卻不想逃避。,"I walk the streets of Xuan'en City, walking alone, my heart heavy, and yet I do not want to run from it."
game102.msg,1,0x0000012E,dialogue,0,3,,56,236,麻雀飛過樹梢，白雲飄過藍天，春風輕輕吹起，一天不如一天。,"Sparrows cross the treetops, white clouds drift over the blue sky, the spring wind rises softly, and each day is worse than the last."
game102.msg,2,0x0000022B,dialogue,0,0,,22,236,天天快樂！啦‧啦‧啦！,Happy every day! La... la... la!
game102.msg,3,0x00000328,dialogue,0,5,,36,236,如果說我們不能相遇，又何必擁有今天！,"If we were never meant to meet, why have today at all?"
game102.msg,4,0x00000425,dialogue,1,0,,20,236,明天也不一定會相遇！,We may not meet tomorrow either.
game102.msg,5,0x00000522,dialogue,0,0,,14,236,我們又見面了！,We meet again.
game102.msg,6,0x0000061F,dialogue,0,8,,46,236,宣恩城是父母的傷心地，幼童接二連三的失蹤，唉！,"Xuan'en City is a place of grief for parents. The little ones keep vanishing, one after another. Ah..."
game102.msg,7,0x0000071C,dialogue,0,0,,48,236,失蹤的小孩都是十歲以下，到底是不是人口販子所為？,Every missing child is under ten. Is this the work of slavers or not?
game102.msg,8,0x00000819,dialogue,0,0,,28,236,失蹤的孩童都已喪命，真可憐！,The missing children are all dead. How pitiful.
game102.msg,9,0x00000916,dialogue,0,0B,,52,236,聽說是你們鏟除窩藏在巫士廢墟的變態巫師，你們是英雄！,They say you wiped out the twisted sorcerers hiding in the Sorcerers' Ruins. You are heroes.
game102.msg,10,0x00000A13,dialogue,1,0,,18,236,我只是盡棉薄之力！,I only did what little I could.
game102.msg,11,0x00000B10,dialogue,6C,0,,36,236,我這兒有你需要的藥品，儘管看，儘管挑,"I have the medicine you need. Take a look, take your pick."
game102.msg,12,0x00000C0D,placeholder,6C,0,ＥＦ,18,236,你需要的Ｅ只有賣Ｆ,A fine choice. It sells for:  Ｅ - Ｆ
game102.msg,13,0x00000D0A,placeholder,6C,0,ＥＦ,16,236,你擁有的Ｅ只賣Ｆ,That will only fetch you this:  Ｅ - Ｆ
game103.msg,0,0x00000031,dialogue,0,2,,60,236,我的年紀一大把就這麼個兒子，他若是有個三長兩短，我就絕後了。,"I am old and have only this one son. If anything happens to him, my line ends with me."
game103.msg,1,0x0000012E,dialogue,0,0,,36,236,想到我兒子，我就夜不成眠，食不下嚥！,When I think of my son I cannot sleep at night or swallow my food.
game103.msg,2,0x0000022B,dialogue,0,4,,34,236,我最擔心的事情發生了，嗚‧嗚‧嗚！,The thing I feared most has happened. Sob... sob... sob!
game103.msg,3,0x00000328,dialogue,0,0,,38,236,老來喪子，以後誰替我們兩老送終‧‧唉！,To lose a son in old age. Who will bury the two of us now... Ah.
game103.msg,4,0x00000425,dialogue,0,6,,34,236,我每天求神拜佛祈求我兒子平安歸來！,Every day I pray to the gods and the Buddha for my son to come home safe.
game103.msg,5,0x00000522,dialogue,0,0,,30,236,只要我兒子能出現，以後我吃素！,"If only my son would appear, I would give up meat for the rest of my life."
game103.msg,6,0x0000061F,dialogue,0,8,,22,236,心慌意亂，肝腸寸斷‧‧,"My mind is in turmoil, my heart torn to pieces..."
game103.msg,7,0x0000071C,dialogue,0,0,,38,236,老來喪子，以後誰替我們兩老送終‧‧唉！,To lose a son in old age. Who will bury the two of us now... Ah.
game103.msg,8,0x00000819,dialogue,0,0A,,24,236,在片刻的靜默，相視無語！,"A moment of silence, and neither of us has a word to say."
game103.msg,9,0x00000916,dialogue,0,0B,,10,236,多說無益！,There is no use talking about it.
game103.msg,10,0x00000A13,dialogue,0,0,,32,236,邪惡法師在廢墟！鐘滑旻幗載颱豌！,The evil sorcerer is in the ruins! %$#@*&!
game103.msg,11,0x00000B10,dialogue,66,0D,,100,236,想起我孩子的一顰一笑，我就成為痛苦之王‧‧若有人將我兒帶回我身邊，我準備將珍藏已久的泊天神俑送給他。,"When I remember every look on my child's face, I become the king of pain... If anyone brings my son back to me, I will give him the Heavenbound Effigy I have treasured for years."
game103.msg,12,0x00000C0D,dialogue,1,0E,,14,236,我們會留意的。,We will keep an eye out.
game103.msg,13,0x00000D0A,dialogue,66,0,,82,236,我兒子有雙大眼睛，喜歡唱兒歌，非常的可愛活潑，等到你們以後做父母就能體會我的心情。,"My son has big eyes and loves to sing nursery rhymes. He is so lively and sweet. When you are parents yourselves, you will understand how I feel."
game103.msg,14,0x00000E07,dialogue,66,1E,,108,236,這是我兒子！以前活蹦亂跳，現在竟然動也不動‧‧天啊！嗚‧嗚‧雖然是這樣的結果，我還是謝謝你們！這是泊天神俑。,"This is my son. He used to run and jump everywhere, and now he does not move at all... God. Sob... sob... Even so, thank you. Here is the Heavenbound Effigy."
game103.msg,15,0x00000F04,dialogue,66,0,,24,236,唉！這是人生最大的創痛！,Ah. This is the deepest wound a life can take.
game103.msg,16,0x00001001,dialogue,69,12,,36,236,因為我太思念我的兒子，現已臥病在床！,I miss my son so much that I have taken to my bed sick.
game103.msg,17,0x000010FE,dialogue,69,0,,26,236,見到他，我的病才會好起來！,Only seeing him will make me well again.
game103.msg,18,0x000011FB,dialogue,69,14,,66,236,我的兒子被那些法師抓去做人體實驗，生命中為什麼總是要面對生離死別？,My son was taken by those sorcerers to be experimented on. Why must life always come down to parting and death?
game103.msg,19,0x000012F8,dialogue,1,15,,10,236,我很遺憾！,I am so sorry.
game103.msg,20,0x000013F5,dialogue,69,0,,38,236,謝謝你們帶我兒子回家，雖然是一具屍體！,"Thank you for bringing my son home, even if only his body."
game103.msg,21,0x000014F2,dialogue,6B,0,,30,236,歡迎光臨本旅店，客倌有何貴幹？,"Welcome to our inn, sir. What can I do for you?"
game103.msg,22,0x000015EF,dialogue,6B,0,,32,236,哦！休息只要２０，客倌有確定嗎？,"Oh. A room is only 20. Are you sure, sir?"
game103.msg,24,0x000017E9,dialogue,6B,1A,,18,236,希望客倌有個好夢！,"I hope you have good dreams, sir."
game103.msg,26,0x000019E3,dialogue,6B,0,,20,236,希望客倌再度光臨本店,"Please come again, sir."
game103.msg,27,0x00001AE0,dialogue,6B,0,,24,236,對不起！客倌您的錢不夠！,"I am sorry, sir. You do not have enough money."
game103.msg,33,0x000020CE,command,0,0,,10,236,MStg85.ANM,
game103.msg,34,0x000021CB,command,0,0,,10,236,MStg86.ANM,
game104.msg,0,0x00000031,dialogue,67,2,,30,236,你想幹什麼？我知道你要幹什麼！,What do you want? I know what you want.
game104.msg,1,0x0000012E,dialogue,1,3,,10,236,請說說看！,"Please, tell me."
game104.msg,2,0x0000022B,dialogue,67,4,,36,236,你心中一直有個疑問：我是不是叛國者？,One question has never left your mind: am I a traitor to my country?
game104.msg,3,0x00000328,dialogue,1,5,,6,236,‧‧‧,...
game104.msg,4,0x00000425,dialogue,67,6,,112,236,在未來的世界裡有一位名叫華盛頓的人，他的祖國視他為叛國者，但是，歷史還他清白！並不是每個政客及革命者都能獲此殊榮,"In a world yet to come there is a man called Washington. His own country called him a traitor, but history cleared his name. Not every politician or revolutionary earns that honor."
game104.msg,5,0x00000522,dialogue,67,7,,82,236,擁有高貴的知識不代表既擁有權力，唯有崇高的理想與高尚的人格才能獲得歷史的正面評價！,Noble knowledge does not mean holding power. Only high ideals and an honorable character earn a good name from history.
game104.msg,6,0x0000061F,dialogue,1,8,,14,236,謝謝你的指教！,Thank you for the lesson.
game104.msg,7,0x0000071C,dialogue,67,0D,,92,236,地上有四種顏色的燭臺，你必須放置在正確的位置，只要沒有做錯，你就能得到應該得到的，我該走了！,There are four colored candle stands on the ground. You must place them in the right positions. Get it right and you will receive what you deserve. I must go now.
game104.msg,8,0x00000819,dialogue,1,0,,50,236,得到家書！裡面寫著：弟弟，讓持有者謁見六手甲乙佛！,"You received a letter from home. It reads: Brother, let the bearer be granted audience with the Six-Armed Buddha of Jiayi."
game104.msg,9,0x00000916,dialogue,6A,0,,38,236,在宣恩城買武器就要找我，儘管看，儘管挑,"If you want weapons in Xuan'en City, come to me. Take a look, take your pick."
game104.msg,10,0x00000A13,placeholder,6A,0,ＥＦ,24,236,客人真是好眼光，Ｅ只賣Ｆ,"A fine eye, sir. The price:  Ｅ - Ｆ"
game104.msg,11,0x00000B10,placeholder,6A,0,ＥＦ,14,236,你這Ｅ只能賣Ｆ,That old thing? I can offer:  Ｅ - Ｆ
game104.msg,12,0x00000C0D,command,0,0,,10,236,MStg87.ANM,
game104.msg,14,0x00000E07,command,0,0,,10,236,MStg88.ANM,
game105.msg,0,0x00000031,dialogue,0,2,,80,236,人類毫無止境地不停的破壞造物者的奇蹟，我雖然不能預知未來，萬能的神自會做出審判。,"Mankind tears down the Creator's miracles without end. I cannot see the future, but the almighty god will pass his judgment."
game105.msg,1,0x0000012E,dialogue,0,0,,110,236,我們在此追求心靈平靜，祈求神賜予公理正義，忘記名利財富，壞事做絕的人將得不到神的赦免，別夢想花錢就能登上天堂！,"Here we seek peace of mind and pray for justice, forgetting fame and fortune. Those who do every evil will get no pardon from god. Do not dream that money buys a place in heaven."
game105.msg,2,0x0000022B,dialogue,0,4,,50,236,我相信理想國終會降臨，這個世界將在滅絕後獲得重生！,I believe the ideal kingdom will come at last. This world will be reborn after it is wiped away.
game105.msg,3,0x00000328,dialogue,0,0,,56,236,讓我們一起祈禱新世界的到來！神將挑選祂的使徒開創新世界！,Let us pray together for the new world. God will choose his apostles to build it.
game105.msg,4,0x00000425,dialogue,68,6,,122,236,肯定旁門左道的那一小撮沒人愛的巫士們正躲在潮濕的地盤，他們拿走釋聖經，寄望從神聖的教義中得到領悟，以遂行充滿邪惡的卑劣目的,"That little band of unloved sorcerers and their crooked ways hide in some damp lair. They took the Sacred Sutra, hoping holy teachings will grant insight to serve their vile ends."
game105.msg,5,0x00000522,dialogue,68,0,,56,236,神在召喚優秀的使徒悍衛祂的國度，你們願意成為神的使徒嗎？,God is calling for fine apostles to defend his kingdom. Will you become his apostles?
game105.msg,6,0x0000061F,dialogue,1,8,,30,236,我相信神！也願意成為祂的使徒！,"I believe in god, and I am willing to be his apostle."
game105.msg,7,0x0000071C,dialogue,68,9,,32,236,去巫士廢墟拿回釋聖經，奉神之名！,"Go to the Sorcerers' Ruins and bring back the Sacred Sutra, in god's name."
game105.msg,8,0x00000819,dialogue,68,0,,30,236,不能欺騙神！一定要拿回釋聖經！,You cannot lie to god. You must bring back the Sacred Sutra.
game105.msg,9,0x00000916,dialogue,68,0,,40,236,釋聖經又重回神的懷抱！你們不辱神的使命！,The Sacred Sutra has returned to god's embrace. You have honored his mission.
game105.msg,10,0x00000A13,dialogue,68,0,,20,236,你們是神的優秀使徒！,You are god's finest apostles.
game105.msg,11,0x00000B10,dialogue,1,0D,,12,236,我不相信神！,I do not believe in god.
game105.msg,12,0x00000C0D,dialogue,68,0,,18,236,神會懲罰不敬的人！,God punishes those who show no reverence.
game105.msg,13,0x00000D0A,dialogue,68,0F,,20,236,神的雙手會毀滅你們！,The hands of god will destroy you.
game105.msg,14,0x00000E07,dialogue,1,0,,6,236,狗屎！,Bullshit.
game105.msg,15,0x00000F04,dialogue,0,11,,24,236,術業有專攻，泡妞有絕招！,"Every trade has its master, and chasing girls has its tricks."
game105.msg,16,0x00001001,dialogue,0,0,,26,236,聞道有先後，泡不到別難過！,"Some learn the way sooner, some later. If you strike out, do not take it too hard."
game107.msg,5,0x00000522,dialogue,0,0,,40,236,一道打不開的門，它的鑰匙孔看起來很奇特！,A door that will not open. The keyhole looks very strange.
game11.msg,0,0x00000031,dialogue,0,2,,94,236,我看著妳踩著甜蜜的腳步，走近我等待的身影，我好想將妳擁入懷中，緊緊的抱著‧‧我絕不讓妳離開我！,"I watch you come toward me with those sweet little steps, toward the shape of me waiting. I want to pull you into my arms and hold you tight... I will never let you leave me."
game11.msg,1,0x0000012E,dialogue,0,0,,24,236,我最喜歡聽你的花言巧語！,Sweet talk is what I like best about you.
game11.msg,2,0x0000022B,dialogue,0,0,,98,236,在村的西邊就是西籬溫泉，聽說可以治療皮膚病調節全身血路，有病治病，沒病強身，有時候還可以大飽眼福。,"West of the village is the Xili Hot Spring. They say it cures skin conditions and gets the blood moving. It heals the sick and strengthens the well, and sometimes there is quite a view."
game11.msg,3,0x00000328,dialogue,0,0,,30,236,我媽媽說我不能唸書，只能放羊。,My mother says I cannot go to school. All I can do is herd the sheep.
game11.msg,4,0x00000425,dialogue,0,0,,40,236,剛剛我看到ㄧ團黑氣竄入殘慟谷，真是壯觀！,I just saw a mass of black vapor rush into the Vale of Grief. What a sight!
game111.msg,0,0x00000031,dialogue,0,0,,16,236,我相信你的誠意！,I believe you are sincere.
game111.msg,1,0x0000012E,dialogue,0,0,,16,236,我相信你的誠意！,I believe you are sincere.
game111.msg,2,0x0000022B,dialogue,0,0,,48,236,這是個供桌！兩旁的對聯寫著：心誠則靈，趕快進貢！,This is an offering table. The couplet on either side reads: a sincere heart works wonders. Make your offering now.
game112.msg,0,0x00000031,dialogue,69,2,,44,236,謝謝你們放我出來‧‧我好餓啊！讓我吃了你們！,Thank you for letting me out... I am so hungry. Let me eat you!
game112.msg,1,0x0000012E,dialogue,4,0,,6,236,休想！,Not a chance.
game112.msg,2,0x0000022B,dialogue,0,0,,12,236,找到牛馬角！,Found the Ox-Horse Horn!
game112.msg,4,0x00000425,command,0,0,,10,236,MonB8A.ANM,
game112.msg,6,0x0000061F,command,0,0,,10,236,MStg89.ANM,
game112.msg,7,0x0000071C,command,0,0,,10,236,MStg90.ANM,
game115.msg,0,0x00000031,dialogue,1,2,,48,236,這個龐大發出噪音的鐵製物品是炎灼石廟的熱力來源！,"This huge, roaring iron thing is the heat source of the Blazing Stone Temple."
game115.msg,2,0x0000022B,dialogue,1,6,,26,236,我想它再也不會發生作用了！,I do not think it will ever work again.
game115.msg,5,0x00000522,command,0,0,,10,236,MStg91.ANM,
game116.msg,1,0x0000012E,command,0,3,,11,236,MStg104.ANM,
game116.msg,2,0x0000022B,dialogue,0,5,,46,236,我們是裸體姐妹花，小夥子你好帥耶，來陪我們吧！,"We are the naked sisters. You are so handsome, boy. Come and keep us company."
game116.msg,3,0x00000328,dialogue,3,0,,8,236,啊‧‧‧,Ah...
game116.msg,4,0x00000425,command,0,6,,11,236,Stage05.FTC,
game116.msg,5,0x00000522,command,0,0,,11,236,MStg105.ANM,
game116.msg,6,0x0000061F,dialogue,0,0,,30,236,我們要玩弄你的靈魂‧‧哈‧哈‧,We are going to toy with your soul... ha... ha...
game116.msg,7,0x0000071C,placeholder,9,9,Ａ,14,236,Ａ，你還好吧？,"Ａ, are you all right?"
game116.msg,8,0x00000819,dialogue,9,0A,,26,236,糟糕了！他一點反應都沒有。,This is bad. He is not responding at all.
game116.msg,9,0x00000916,dialogue,9,0B,,22,236,他的靈魂已經被攝走了！,His soul has been taken.
game116.msg,10,0x00000A13,dialogue,9,0,,30,236,我們快去找這兩個不要臉的女人！,"We have to go after those two shameless women, now."
game116.msg,13,0x00000D0A,command,0,0,,11,236,MStg107.ANM,
game116.msg,14,0x00000E07,command,0,0,,11,236,MStg106.ANM,
game116.msg,17,0x000010FE,dialogue,3,13,,92,236,我感到一陣暈眩，接著我就不醒人事，當我回復過來後，你們都不在我身邊，我正在擔心你們就出現了！,"I felt a rush of dizziness, and then I was gone. When I came round, none of you were with me. I was starting to worry, and then you appeared."
game116.msg,18,0x000011FB,dialogue,9,14,,24,236,還說呢，是我們替你擔心！,Listen to you. We were the ones worrying about you.
game116.msg,19,0x000012F8,dialogue,9,15,,24,236,你的魂魄被痛苦使者懾走。,Your soul was taken by the Envoy of Pain.
game116.msg,20,0x000013F5,dialogue,9,16,,36,236,痛苦使者被我們打倒，才救回你的魂魄！,We brought your soul back by striking the Envoy of Pain down.
game116.msg,21,0x000014F2,dialogue,1,0,,26,236,我沒有親手殺了他真是遺憾！,It is a shame I did not kill him with my own hands.
game116.msg,22,0x000015EF,dialogue,3,18,,10,236,‧‧‧‧‧,.....
game116.msg,23,0x000016EC,dialogue,9,19,,32,236,唉！我們到現在連個線索都沒有‧‧,Ah. We still do not have a single lead...
game116.msg,24,0x000017E9,dialogue,9,1A,,36,236,他像個木頭人一動也不動，真令人難過！,He sits there like a block of wood and will not move. It is heartbreaking.
game116.msg,25,0x000018E6,dialogue,9,0,,12,236,魂魄歸來兮！,"Come back, soul!"
game116.msg,26,0x000019E3,command,0,0,,11,236,MStg108.ANM,
game117.msg,1,0x0000012E,command,0,4,,10,236,MStg92.ANM,
game117.msg,2,0x0000022B,command,0,4,,10,236,MStg93.ANM,
game117.msg,4,0x00000425,command,0,0,,10,236,MStg98.ANM,
game117.msg,5,0x00000522,command,0,0,,10,236,MStg99.ANM,
game117.msg,6,0x0000061F,dialogue,0,8,,16,236,這是一株水仙花！,This is a narcissus.
game117.msg,10,0x00000A13,command,0,0C,,10,236,MStg93.ANM,
game117.msg,14,0x00000E07,dialogue,0,0,,20,236,這是一株枯萎水仙花！,This is a withered narcissus.
game117.msg,15,0x00000F04,dialogue,0,11,,16,236,這是一株水仙花！,This is a narcissus.
game117.msg,19,0x000012F8,command,0,15,,10,236,MStg99.ANM,
game117.msg,23,0x000016EC,dialogue,0,0,,20,236,這是一株枯萎水仙花！,This is a withered narcissus.
game118.msg,1,0x0000012E,command,0,4,,10,236,MStg94.ANM,
game118.msg,2,0x0000022B,command,0,4,,10,236,MStg95.ANM,
game118.msg,4,0x00000425,command,0,0,,10,236,MStg96.ANM,
game118.msg,5,0x00000522,command,0,0,,10,236,MStg97.ANM,
game118.msg,6,0x0000061F,dialogue,0,8,,16,236,這是一株水仙花！,This is a narcissus.
game118.msg,10,0x00000A13,command,0,0C,,10,236,MStg95.ANM,
game118.msg,14,0x00000E07,dialogue,0,0,,20,236,這是一株枯萎水仙花！,This is a withered narcissus.
game118.msg,15,0x00000F04,dialogue,0,11,,16,236,這是一株水仙花！,This is a narcissus.
game118.msg,19,0x000012F8,command,0,15,,10,236,MStg97.ANM,
game118.msg,23,0x000016EC,dialogue,0,0,,20,236,這是一株枯萎水仙花！,This is a withered narcissus.
game119.msg,1,0x0000012E,command,0,4,,11,236,MStg100.ANM,
game119.msg,2,0x0000022B,command,0,4,,11,236,MStg101.ANM,
game119.msg,4,0x00000425,command,0,0,,11,236,MStg102.ANM,
game119.msg,5,0x00000522,command,0,0,,11,236,MStg103.ANM,
game119.msg,6,0x0000061F,dialogue,0,8,,16,236,這是一株水仙花！,This is a narcissus.
game119.msg,10,0x00000A13,command,0,0C,,11,236,MStg101.ANM,
game119.msg,14,0x00000E07,dialogue,0,0,,20,236,這是一株枯萎水仙花！,This is a withered narcissus.
game119.msg,15,0x00000F04,dialogue,0,11,,16,236,這是一株水仙花！,This is a narcissus.
game119.msg,19,0x000012F8,command,0,15,,11,236,MStg103.ANM,
game119.msg,23,0x000016EC,dialogue,0,0,,20,236,這是一株枯萎水仙花！,This is a withered narcissus.
game119.msg,24,0x000017E9,dialogue,6A,0,,42,236,給我潘尼羅亞茶‧‧唯有它能解我永恆的饑渴！,Give me Panneroia tea... only it can quench my endless thirst.
game119.msg,26,0x000019E3,dialogue,9,1C,,16,236,給你潘尼羅亞茶！,Here is your Panneroia tea.
game119.msg,27,0x00001AE0,dialogue,6A,1D,,146,236,謝謝你！如果你們感到徬徨無助，拿著約書亞樹枝到蘇格禮找位叫阿里的彫刻師，他會幫你們做枯萎豎笛，用枯萎豎笛枯萎此地所有的水仙花，或許對你們有所幫助！,"Thank you. If you feel lost, take a Joshua tree branch to Sugeli and find a carver named Ali. He will make you a withering clarinet. Use it to wither every narcissus here. It may help."
game119.msg,28,0x00001BDD,dialogue,9,0,,18,236,這是個有用的消息！,That is useful to know.
game119.msg,29,0x00001CDA,dialogue,6A,0,,16,236,我依然感到饑渴！,I am thirsty still.
game119.msg,30,0x00001DD7,dialogue,9,20,,18,236,我沒有潘尼羅亞茶！,I do not have any Panneroia tea.
game119.msg,31,0x00001ED4,dialogue,6A,0,,18,236,我會繼續饑渴下去！,Then I will go on being thirsty.
game119.msg,33,0x000020CE,dialogue,0,0,,10,236,找到子燭！,Found the Child Candle!
game12.msg,0,0x00000031,dialogue,0,0,,146,236,生活本來就是平凡的！偏偏有人非對現實不滿，知足才能常樂，像我每天餓著肚子，懷抱著感恩的心情誠實納稅，不問摩羅王做了什麼，要問我們為摩羅王做了什麼！,Life is plain by nature. Some just have to resent it. Contentment is happiness. I go hungry and still pay my taxes gladly. Ask not what King Moro did for us; ask what we did for him.
game12.msg,1,0x0000012E,dialogue,1,0,,64,236,與君一席話，勝讀十年書！讓我們與摩羅王攜手並進，共創美好的未來！,One talk with you is worth ten years of study. Let us walk hand in hand with King Moro and build a beautiful future together.
game12.msg,2,0x0000022B,dialogue,0,4,,26,236,你這個從頭賤到腳的賤骨頭！,"You are rotten to the bone, from your head right down to your feet."
game12.msg,3,0x00000328,dialogue,1,0,,30,236,樂天知命，面對現實就是賤骨頭？,So being content with my lot and facing reality makes me rotten?
game12.msg,4,0x00000425,dialogue,0,6,,108,236,有權就會有錢！有錢就會有權！我的能力強，家世好，見人說人話，見鬼說鬼話！看在你媽媽的份上，我才跟你說這些話！,"Power brings money and money brings power. I am able, I come from a good family, and I know what to say to anyone, man or devil. I only tell you this for your mother's sake."
game12.msg,5,0x00000522,dialogue,1,7,,6,236,放屁！,What crap.
game12.msg,6,0x0000061F,dialogue,0,8,,10,236,你說什麼？,What did you say?
game12.msg,7,0x0000071C,dialogue,1,0,,16,236,我說村長了不起！,I said the village chief is magnificent.
game12.msg,8,0x00000819,dialogue,1,0A,,58,236,聽說通往殘慟谷的道路被落石封閉，希望了不起的村長想想法子！,They say the road to the Vale of Grief is blocked by a rockslide. I hope our magnificent village chief can think of something.
game12.msg,9,0x00000916,dialogue,0,0,,48,236,本村只要有我，大事化小，小事化無！安啦！福氣啦！,"As long as I am in this village, big trouble becomes small and small trouble becomes nothing. Relax. Count your blessings."
game12.msg,10,0x00000A13,dialogue,0,0,,8,236,福氣啦！,Count your blessings.
game12.msg,11,0x00000B10,dialogue,0,0,,82,236,我真是苦命啊！這麼年輕就獨守空閨，我先生到了哈曼奴之後，從此就音訊全無，不知死活！,"What a bitter life I have. So young, and sleeping alone. After my husband went to Hamanu there was never another word from him. I do not know if he is alive or dead."
game121.msg,0,0x00000031,dialogue,68,2,,132,236,我是柯特，我放棄生命擁抱音樂，而你可以放棄音樂擁抱生命！別相信搖滾樂真能改變世界‧別相信烏茲握在我的手上‧別相信腦中堆積的古柯鹼‧‧,"I am Kurt. I gave up life to embrace music; you can give up music for life. Do not believe rock can change the world. Do not believe the Uzi in my hand, or the cocaine in my head..."
game121.msg,2,0x0000022B,command,0,4,,11,236,MStg110.ANM,
game121.msg,5,0x00000522,dialogue,68,0,,50,236,進去吧！裡面是美麗新世界‧‧沒有記憶、沒有手鎗‧‧,"Go on in. A brave new world is waiting... no memories, no handguns..."
game121.msg,7,0x0000071C,command,0,0,,11,236,MStg109.ANM,
game122.msg,0,0x00000031,dialogue,0,0,,46,236,我是青春小鳥！請告訴我二八年華加雙十佳人等於？,I am the bird of youth. Tell me: the bloom of sixteen plus a beauty of twenty equals what?
game122.msg,1,0x0000012E,dialogue,9,3,,16,236,我想是青春不在！,I would say youth is gone.
game122.msg,2,0x0000022B,dialogue,0,0,,20,236,啾‧啾‧啾‧你錯了！,Cheep... cheep... cheep... wrong!
game122.msg,3,0x00000328,dialogue,9,5,,24,236,我想是嫁不出去的老處女！,I would say an old maid nobody will marry.
game122.msg,4,0x00000425,dialogue,0,0,,20,236,啾‧啾‧啾‧你錯了！,Cheep... cheep... cheep... wrong!
game122.msg,5,0x00000522,dialogue,9,7,,38,236,難道是熱情如火只求歡樂無限的狼虎之年！,"Could it be the wolf-and-tiger years, all fire and hunger and endless pleasure?"
game122.msg,6,0x0000061F,dialogue,0,0,,68,236,啾‧啾‧啾‧精力充沛的青春小鳥告訴你：答對了！我要送給你克勞蒂香水。,Cheep... cheep... cheep... the tireless bird of youth tells you: correct! I will give you Claudie perfume.
game122.msg,7,0x0000071C,dialogue,0,0,,44,236,啾‧啾‧啾‧我是精力充沛一洩千里的青春小鳥！,"Cheep... cheep... cheep... I am the bird of youth, and I never run out of steam!"
game123.msg,0,0x00000031,dialogue,6C,2,,90,236,我是個走在時代尖端的女姓，流行、隨便‧不！是隨性‧開放、塑身整型以及參加走入男廁運動全搞遍,"I am a woman at the cutting edge. Fashionable, easy... no! Free-spirited. Open-minded, body-sculpted, and I have marched into the men's room for the cause too."
game123.msg,1,0x0000012E,dialogue,6C,6,,88,236,這位小姐，我們不要做男人的奴隸要做最佳女主角，給我克勞蒂香水，這是我男朋友最喜歡的味道！,"Miss, we will not be slaves to men. We will be the leading ladies. Give me Claudie perfume. It is my boyfriend's favorite scent."
game123.msg,2,0x0000022B,dialogue,9,4,,50,236,就讓這瓶香水灑滿妳全身，讓妳的男朋友聞到天荒地老！,"Let this bottle cover you from head to toe, so your boyfriend can smell it till the end of time."
game123.msg,3,0x00000328,dialogue,6C,0B,,14,236,謝謝你的祝福！,Thank you for the blessing.
game123.msg,4,0x00000425,dialogue,6C,0,,62,236,在一個浪漫的夜晚‧‧因為你給我的香水使我與我的男友快樂似神仙！,On one romantic night... the perfume you gave me left me and my boyfriend as happy as gods.
game123.msg,5,0x00000522,dialogue,9,7,,42,236,不！我們不要做男人的奴隸，要做最佳女主角！,No. We will not be slaves to men. We will be the leading ladies.
game123.msg,6,0x0000061F,dialogue,6C,0F,,104,236,你所說的不正是我說的！這是絢麗面具，因為你給我一個值得深思的回答！我為你打開溝通之門，我的男友就在裡面！,"That is exactly what I said. Here is the Dazzling Mask, for giving me an answer worth thinking about. I will open the door of communication for you. My boyfriend is inside."
game123.msg,7,0x0000071C,dialogue,6C,0,,12,236,我還在深思！,I am still thinking about it.
game123.msg,13,0x00000D0A,dialogue,6C,0,,20,236,妳並沒有克勞蒂香水！,You do not have any Claudie perfume.
game123.msg,16,0x00001001,dialogue,0,0,,14,236,找到玄白赤鼎！,Found the Tricolor Cauldron!
game125.msg,0,0x00000031,dialogue,6B,2,,84,236,這位小姐妳應該回到家中不要在外搔首弄姿，然後走入愛情的墳墓，做個沒有見識的家庭主婦！,"Miss, you belong at home, not out here preening. Then into the grave of love with you, to be a housewife who knows nothing of the world."
game125.msg,1,0x0000012E,dialogue,6B,3,,106,236,可惜的是妳想不到人生的意義，跟這堆亂臣賊子胡搞還自認替天行道，今天我要表彰你們的苦心，除了痛苦，還是痛苦！,"Sadly you never grasped the meaning of life. You run around with this pack of traitors and call it doing heaven's work. Today I honor your efforts with pain, and more pain."
game125.msg,2,0x0000022B,dialogue,9,4,,30,236,你在說什麼啊？你不記得我了嗎？,What are you talking about? Do you not remember me?
game125.msg,3,0x00000328,dialogue,6B,5,,70,236,妳擁有蕩婦的氣質，帶著荒淫不屑的無恥表情，連聖母馬麗雅看了都潸然淚下！,"You have the air of a slut, that shameless look of contempt and debauchery. The Virgin Mary herself would weep to see it."
game125.msg,4,0x00000425,dialogue,9,6,,74,236,你到底還是不是個人啊！我們為了找回你的靈魂費盡心血‧‧你竟然滿嘴胡言亂語！,Are you even human anymore? We poured everything into getting your soul back... and all you can do is spout nonsense.
game125.msg,5,0x00000522,dialogue,9,7,,22,236,我跟你的交情到此為止！,Whatever we were to each other ends here.
game125.msg,6,0x0000061F,dialogue,6B,8,,94,236,我不是人！我是神！現在，將由最天真無邪身材惹火浪漫性感我的紅粉知己高潮雙姝教你們做人的大道理！,"I am not human. I am a god. Now my innocent, hot-bodied, romantic little companions, the Twin Sisters of Ecstasy, will teach you how to be human."
game125.msg,7,0x0000071C,dialogue,9,0,,12,236,大家一起上！,"Everyone, at him!"
game125.msg,9,0x00000916,command,0,0,,10,236,MonB9A.ANM,
game125.msg,12,0x00000C0D,command,0,11,,9,236,MB11A.ANM,
game125.msg,13,0x00000D0A,command,0,0,,9,236,MB11D.ANM,
game125.msg,14,0x00000E07,dialogue,0,0,,18,236,換我來陪你們玩玩！,My turn to play with you.
game125.msg,15,0x00000F04,dialogue,0,0,,6,236,‧‧‧,...
game125.msg,16,0x00001001,dialogue,6D,12,,38,236,此刻你的心情複雜，極不欲接受眼前的事實,Your heart is in turmoil. You do not want to accept what is in front of you.
game125.msg,17,0x000010FE,dialogue,6D,13,,74,236,只要你們交出身上所有的物品，那麼你們的好朋友將重回這亂七八糟的世界！如何？,Hand over everything you are carrying and your dear friend comes back to this filthy world. How about it?
game125.msg,18,0x000011FB,dialogue,9,14,,40,236,你是屠殺泰吉拉村民的兇手！沒什麼好談的！,You are the one who slaughtered the villagers of Tajira. There is nothing to discuss.
game125.msg,19,0x000012F8,dialogue,6D,15,,24,236,何不用愛包容所有的仇恨？,Why not let love swallow up all that hatred?
game125.msg,20,0x000013F5,dialogue,9,16,,14,236,你沒資格談愛！,You have no right to talk about love.
game125.msg,21,0x000014F2,dialogue,6D,17,,96,236,妳也不配說愛！你們以為我不了解聖光島的秘密‧‧難道權力真的那麼引人暇思？沒錯！友情不過是一件破衣,Neither do you. You think I do not know the secret of Holy Island... Is power really so alluring? You are right. Friendship is nothing but a rag.
game125.msg,22,0x000015EF,dialogue,6D,18,,88,236,權力才是華服！我為你的朋友感到難過，所以我決定自己動手，順便教訓你們這些無情無義的雜碎！,"Power is the fine robe. I feel sorry for your friend, so I will do this myself, and teach you heartless scum a lesson while I am at it."
game125.msg,23,0x000016EC,dialogue,9,19,,50,236,這位怪人，你誤會了！殺了你才是天底下最有趣的事情。,"You have it wrong, freak. Killing you is the most fun a person can have."
game125.msg,24,0x000017E9,dialogue,6D,1A,,102,236,看你們肚破腸流是我的樂趣，當你們的腦漿濺滿我的臉上歡喜的淚水佈滿我的雙眼，鮮血從一片模糊的軀體蜂湧而出,"My joy is watching your guts spill out, your brains splash across my face, tears of delight filling my eyes, blood pouring from a body torn past recognition."
game125.msg,25,0x000018E6,dialogue,6D,1B,,98,236,我的雙手緊握你們活蹦亂跳的心臟，這是極致的美感，生命不過如此‧‧對你們來說是毀滅，對我來說是天堂！,My hands closing around your still-beating hearts. That is beauty at its purest. Life is nothing more than this... For you it is ruin. For me it is heaven.
game125.msg,26,0x000019E3,dialogue,9,1C,,60,236,你滿腦子灰暗思想！你是不是小時候在你母親懷裡待的時間不夠久？,Your head is full of the blackest thoughts. Did your mother not hold you long enough as a child?
game125.msg,27,0x00001AE0,dialogue,6D,0E,,10,236,下地獄吧！,Go to hell!
game125.msg,28,0x00001BDD,dialogue,6D,1E,,54,236,我擁有永生不滅的生命！我不過是暫時離開，別高興的太早！,My life is eternal. I am only leaving for a while. Do not celebrate yet.
game125.msg,29,0x00001CDA,dialogue,9,1F,,14,236,又讓他跑了‧‧,He got away again...
game125.msg,30,0x00001DD7,dialogue,9,20,,34,236,也許我們應該交出身上的所有物品‧‧,Maybe we should hand over everything we are carrying...
game125.msg,31,0x00001ED4,dialogue,5,21,,14,236,現在該怎麼辦？,What do we do now?
game125.msg,32,0x00001FD1,dialogue,9,22,,22,236,我們回石碑幽徑去看看！,Let us go back to the Stele Path and take a look.
game125.msg,35,0x000022C8,dialogue,9,0,,88,236,這裡有糢糊卻尚可辨認的文字：左‧扇、‧花扇、釋聖‧、九‧乾坤‧‧奔‧族‧‧打開‧龍‧蹟。,"There is writing here, blurred but still readable: left... fan, ... flower fan, Sacred Sut..., nine... heaven and earth... run... clan... open... dragon... trace."
game127.msg,0,0x00000031,dialogue,65,0,,80,236,如果你們是來謁見六手甲乙佛的話，不但要有顆虔誠的心以及我哥哥的推薦信，你們有嗎？,"If you have come to seek audience with the Six-Armed Buddha of Jiayi, you need a devout heart and my brother's letter of recommendation. Do you have them?"
game127.msg,1,0x0000012E,dialogue,1,3,,6,236,我有！,I do.
game127.msg,2,0x0000022B,dialogue,65,4,,138,236,六手甲乙佛是聖光島的指引者！你們必需備齊蓮花若木、雲雷風鼓、斑瀾文簡、玄白赤鼎、泊天神俑、未見箴圖、這六樣關鍵物品呈獻給祂，聖光島就會昇起,"Bring the Six-Armed Buddha of Jiayi the Lotus Ruo-Tree, Cloud-Thunder Drum, Resplendent Slips, Tricolor Cauldron, Heavenbound Effigy, Unseen Admonition."
game127.msg,3,0x00000328,dialogue,65,5,,56,236,只有一樣也可以，但是當你們登上聖光島後會如何就不可知了！,"One alone will do, but what happens once you set foot on Holy Island is anyone's guess."
game127.msg,4,0x00000425,dialogue,1,6,,14,236,謝謝你的指點！,Thank you for the guidance.
game127.msg,5,0x00000522,dialogue,65,0C,,20,236,我為你們打開這扇門！,I will open this door for you.
game127.msg,6,0x0000061F,dialogue,65,0,,20,236,我沒有再說話的必要。,I have nothing more to say.
game127.msg,7,0x0000071C,dialogue,1,9,,8,236,我沒有！,I do not.
game127.msg,8,0x00000819,dialogue,65,0,,10,236,沒有就滾！,Then get out.
game128.msg,2,0x0000022B,dialogue,0,4,,24,236,這是你們為我所做的奉獻！,This is the offering you have made to me.
game128.msg,4,0x00000425,command,0,6,,11,236,Stage04.FTC,
game128.msg,5,0x00000522,dialogue,0,0,,26,236,滾到那個寸草不生的孤島吧！,Off you go to that barren little island.
game128.msg,6,0x0000061F,dialogue,0,8,,98,236,我不想數到三，事實上我連一都不想數！把你們的信仰交給神，把你們的狗命交給命運，把你們的東西交給我！,"I will not count to three. In fact I will not count to one. Give your faith to god, give your worthless lives to fate, and give your belongings to me."
game128.msg,8,0x00000819,dialogue,0,4,,96,236,你們為我做的奉獻我並不滿意，我要的是蓮花若木、斑瀾文簡、雲雷風鼓、玄白赤鼎、未見箴圖、泊天神俑？,"You have not satisfied me. I want the Lotus Ruo-Tree, Resplendent Slips, Cloud-Thunder Drum, Tricolor Cauldron, Unseen Admonition, Heavenbound Effigy."
game128.msg,9,0x00000916,dialogue,0,0,,12,236,找到烈燄服！,Found the Blazing Flame Robe!
game129.msg,0,0x00000031,dialogue,6A,0,,22,236,是否要搭船回到石斑港？,Do you want to take the boat back to Shiban Harbor?
game129.msg,1,0x0000012E,command,0,3,,11,236,MStg116.ANM,
game129.msg,2,0x0000022B,command,0,4,,8,236,Ship.FTC,
game129.msg,3,0x00000328,command,3,0,,10,236,Map075.DAT,
game13.msg,1,0x0000012E,command,0,0,,10,236,Mon001.ANM,
game13.msg,3,0x00000328,command,2,0,,10,236,Map012.DAT,
game13.msg,4,0x00000425,command,2,0,,10,236,Map021.DAT,
game13.msg,5,0x00000522,dialogue,0,0,,22,236,北－泰吉拉，南－孟郡城,"North - Tajira, South - Mengjun City"
game130.msg,0,0x00000031,dialogue,66,0,,118,236,救命啊！我是休斯王子，趕快拉我上來，我是下任王位的繼承者，為了摩羅王朝的長治久安，我不能死在這裡，看什麼！快拉我上去！,"Help! I am Prince Sius. Pull me up, quickly. I am the next heir to the throne. The Moro Dynasty needs me. I cannot die here. What are you staring at? Pull me up!"
game130.msg,1,0x0000012E,command,0,0,,11,236,MStg113.ANM,
game130.msg,2,0x0000022B,dialogue,66,0,,30,236,王子你別擔心！我馬上救你上來！,"Do not worry, my prince. I will have you out at once."
game130.msg,3,0x00000328,dialogue,66,0,,144,236,你們真是摩羅王的優秀子民，我也要謝謝我那兩位死去的隨從，因為我踩著他們的屍體，才能使我支持一段時間，這是火種，你們就收下吧！能活著的感覺真好‧‧,You are fine subjects of King Moro. I must thank my two dead attendants too. Standing on their bodies kept me up long enough. Take this fire-starter. It feels so good to be alive...
game130.msg,4,0x00000425,command,0,0,,11,236,MStg114.ANM,
game130.msg,5,0x00000522,dialogue,1,7,,28,236,王子閣下！沒有你世界會更好！,Your highness. The world would be better without you.
game130.msg,6,0x0000061F,dialogue,66,8,,68,236,你這個大膽賤民我要殺光你們全家！你給我聽清楚了，我是國王的兒子休斯！,"You insolent peasant, I will have your whole family killed. Listen well: I am Sius, son of the king."
game130.msg,7,0x0000071C,dialogue,1,9,,26,236,我不會計較你臨終前的哀嚎！,I will not hold your dying screams against you.
game130.msg,8,0x00000819,dialogue,66,0,,8,236,啊‧‧‧,Ah...
game130.msg,10,0x00000A13,command,0,0,,11,236,MStg115.ANM,
game133.msg,0,0x00000031,dialogue,6B,2,,108,236,我從來不期待任何的好事會發生在我的身上，但是，都發生了！當我開始追逐我的願望，卻事與願違！幸運之神躲在黑暗中,"I never expected anything good to happen to me, and yet it all did. But the moment I started chasing what I wanted, everything went wrong. The god of luck hides in the dark."
game133.msg,1,0x0000012E,dialogue,6B,3,,84,236,我看不見他的微笑，感受不到他的關懷，他不願照亮我的道路，嘿！嘿！無所謂！一切靠自己！,I cannot see him smile. I cannot feel him care. He will not light my road. Hey. Hey. It does not matter. I rely on myself.
game133.msg,2,0x0000022B,dialogue,9,4,,22,236,你為什麼會被關在這裡？,Why were you locked up in here?
game133.msg,3,0x00000328,dialogue,6B,0,,54,236,我活在祈禱中，等著有一天能出來！乾柴烈火一發不可收拾！,"I lived on prayer, waiting for the day I could get out. Dry wood meets fire and nothing can stop it."
game133.msg,4,0x00000425,dialogue,6B,0,,66,236,我總算得到幸運之神的眷顧！你們可就不一定了‧‧因為‧‧我就是惡運！,The god of luck has finally smiled on me. The same cannot be said for you... because I am bad luck itself.
game133.msg,6,0x0000061F,dialogue,1,0,,36,236,這是個取暖的壁爐，裡面有一堆的木頭。,"This is a fireplace for warmth, with a pile of wood inside."
game133.msg,9,0x00000916,command,0,0D,,11,236,MStg121.ANM,
game133.msg,11,0x00000B10,command,0,0,,11,236,MStg121.ANM,
game133.msg,12,0x00000C0D,command,0,0E,,12,236,HolyLose.FTC,
game138.msg,1,0x0000012E,dialogue,4,3,,70,236,‧‧這是我母親！這個負心人是我的父親！為什麼命運要跟我開這麼大的玩笑？,...That is my mother. And this faithless man is my father. Why does fate play such a cruel joke on me?
game138.msg,2,0x0000022B,dialogue,9,4,,32,236,我復仇的心願不受任何因素而改變！,Nothing will change my desire for revenge.
game138.msg,3,0x00000328,dialogue,9,5,,36,236,此情此景，我實在是無法提出我的見解！,"Faced with this, I cannot offer any opinion at all."
game138.msg,4,0x00000425,dialogue,3,6,,8,236,我也是！,Nor can I.
game138.msg,5,0x00000522,dialogue,9,15,,16,236,唉！家門不幸‧‧,Ah. What a disgrace to the family...
game138.msg,7,0x0000071C,command,0,0,,11,236,MStg119.ANM,
game138.msg,8,0x00000819,dialogue,69,0A,,66,236,對妳個人而言，這是個絕望的消息！對我的國家來說，卻是新希望的開始！,For you personally this is news without hope. For my country it is the start of a new one.
game138.msg,9,0x00000916,dialogue,7,0B,,14,236,你能告訴我嗎？,Will you tell me?
game138.msg,10,0x00000A13,dialogue,69,0C,,100,236,人的一生早已註定，每個人的價值都將獲得正確的評估，我不是最終結果的仲裁者，我只是為人生過程留下見證！,A person's whole life is settled in advance. Every man's worth will be measured correctly. I am not the judge of the final result. I only leave a witness to the process.
game138.msg,11,0x00000B10,dialogue,7,0D,,72,236,我沒唸過書，我知道我是個無知的婦人，請國王能否用簡單明瞭的方式讓我了解？,I never went to school. I know I am an ignorant woman. Could the king put it in plain words I can understand?
game138.msg,12,0x00000C0D,dialogue,69,0E,,118,236,是的！美麗的外貌終會消失，榮華富貴也有享盡的一天！我既將頒佈階級秩序大憲章，出身卑微之人及他的後代將永遠保有卑微的身份,"Yes. Beauty fades, and wealth and glory run out one day. I am about to issue the Great Charter of Rank and Order. Those of low birth and their heirs will stay low forever."
game138.msg,13,0x00000D0A,dialogue,69,0F,,50,236,擁有高貴家世之人及其子孫也將繼續保有其高貴之地位！,And those of noble family and their children will keep their noble station.
game138.msg,14,0x00000E07,dialogue,7,10,,22,236,那麼我還有你的兒子呢？,"Then what about me, and your son?"
game138.msg,15,0x00000F04,dialogue,69,11,,136,236,法律之前人人平等！妳的家世令我無法承認我們的關係！從明天開始妳與妳兒子的皇家身份將被除名，今天過後，如果妳認為前塵不堪回首，就不要回首！,"All are equal before the law. Your birth makes it impossible to acknowledge what we were. From tomorrow you and your son leave the royal rolls. If the past hurts, do not look back."
game138.msg,16,0x00001001,dialogue,7,14,,26,236,你這個無情無義的冷血動物！,"You cold-blooded, heartless creature."
game138.msg,17,0x000010FE,dialogue,69,13,,42,236,衛兵！將這個沒身份沒地位沒知識的女人帶走！,"Guards. Take this woman away. She has no rank, no standing, and no learning."
game138.msg,18,0x000011FB,dialogue,0,14,,4,236,是！,"Yes, sir."
game138.msg,19,0x000012F8,dialogue,7,0,,56,236,哇‧嗚‧嗚‧你對我怎樣都沒關係，可是不能不認自己的兒子！,"Wah... sob... sob... Do what you like to me, but you cannot disown your own son."
game138.msg,21,0x000014F2,command,1,0,,10,236,Map144.DAT,
game138.msg,22,0x000015EF,dialogue,9,18,,14,236,咦？發生什麼事,Huh? What is happening?
game138.msg,23,0x000016EC,command,0,19,,12,236,HolyLose.FTC,
game14.msg,0,0x00000031,command,0,0,,10,236,Mon002.ANM,
game14.msg,2,0x0000022B,command,0,0,,10,236,Mon003.ANM,
game14.msg,4,0x00000425,command,3,0,,10,236,Map010.DAT,
game14.msg,5,0x00000522,command,3,1,,10,236,Map019.DAT,
game143.msg,1,0x0000012E,dialogue,0,0,,50,236,一個看起來非常精美的台座！似乎應該放四樣東西在上面,A finely made pedestal. It looks like four things should be placed on it.
game143.msg,5,0x00000522,dialogue,0,3,,14,236,希望之路已開啟,The road of hope has opened.
game144.msg,0,0x00000031,command,0,0,,9,236,MB12A.ANM,
game144.msg,1,0x0000012E,dialogue,1,3,,16,236,國王陛下！您好！,Your majesty. Greetings.
game144.msg,2,0x0000022B,dialogue,67,4,,66,236,此地戒備森嚴，防守固若金湯，連隻蒼蠅都飛不進來，你們是如何闖入的？,This place is guarded on every side. Not even a fly could get in. How did you break through?
game144.msg,3,0x00000328,dialogue,1,5,,114,236,因為我們不是蒼蠅！在很久以前我死去的母親被國王陛下拋棄，那時我尚在襁褓之中，回憶是痛苦的，尤其是見到國王陛下之後！,"Because we are not flies. Long ago my mother, now dead, was cast aside by your majesty. I was still an infant. Memory is painful, especially now that I have seen your majesty."
game144.msg,4,0x00000425,dialogue,67,0,,112,236,洛莎死了‧‧嘿‧嘿！任何人終究難逃一死，你覺得痛苦，我會使你得到解脫！哈哈哈！天國進了！你到底想要什麼？想死嗎？,"So Rosa is dead... Heh. Heh. Death comes for everyone in the end. You feel pain, so I will release you from it. Ha ha ha. Straight to heaven. What is it you want? To die?"
game144.msg,5,0x00000522,dialogue,1,7,,42,236,我要國王陛下用和平的方式轉移您的政權給我！,I want your majesty to hand your power to me peacefully.
game144.msg,6,0x0000061F,dialogue,67,0,,144,236,我只知道暴力！暴力總是有效！看看我身後的這台殺戮機器，噢！應該是享樂機器，哈哈哈！今天是個死亡的好日子，叫我一聲爸爸，我的乖兒子，在你臨死之前！,"Violence is all I know, and it always works. Look at the killing machine behind me. No, the pleasure machine. Ha ha ha. A good day to die. Call me father, my son, before you die."
game144.msg,8,0x00000819,dialogue,67,0A,,114,236,你千萬不能殺死你的父親！再怎麼說我都是你的父親！暴力是無效的，我願意退位渡過晚年由你繼承王位，不要殺我，不要殺我！,"You must never kill your own father. Whatever else, I am your father. Violence solves nothing. I will step down and live out my old age. The throne is yours. Do not kill me!"
game144.msg,9,0x00000916,dialogue,1,0,,58,236,我不會殺您的！因為您是我的父親‧‧原來當國王是這麼的簡單！,"I will not kill you, because you are my father... So being king is as easy as that."
game144.msg,10,0x00000A13,dialogue,1,0C,,70,236,你不承認我是你的骨肉，我也不承認你是我的父親！我要用暴力得到你的地位！,"You will not admit I am your flesh and blood, and I will not admit you are my father. I will take your place by force."
game144.msg,11,0x00000B10,dialogue,67,0,,144,236,我只知道暴力！暴力總是有效！看看我身後的這台殺戮機器，噢！應該是享樂機器，哈哈哈！今天是個死亡的好日子，叫我一聲爸爸，我的乖兒子，在你臨死之前！,"Violence is all I know, and it always works. Look at the killing machine behind me. No, the pleasure machine. Ha ha ha. A good day to die. Call me father, my son, before you die."
game144.msg,12,0x00000C0D,dialogue,67,0E,,114,236,你千萬不能殺死你的父親！再怎麼說我都是你的父親！暴力是無效的，我願意退位渡過晚年由你繼承王位，不要殺我，不要殺我！,"You must never kill your own father. Whatever else, I am your father. Violence solves nothing. I will step down and live out my old age. The throne is yours. Do not kill me!"
game144.msg,13,0x00000D0A,dialogue,1,0F,,44,236,不！國王陛下，暴力是有效的！永別了我的父親！,"No, your majesty. Violence does work. Goodbye, father."
game144.msg,14,0x00000E07,dialogue,67,10,,60,236,我‧我‧已經‧按下‧手中的‧自‧自爆裝置‧一塊‧‧死‧死吧！,I... I have... already pressed... the self... destruct switch... in my hand... we die... together!
game144.msg,15,0x00000F04,dialogue,1,0,,48,236,我‧‧還‧‧是做‧不‧‧成‧國‧‧‧王‧‧啊‧‧,So I... never... did... get to be... king...
game15.msg,1,0x0000012E,command,0,0,,10,236,Mon004.ANM,
game16.msg,1,0x0000012E,command,0,0,,10,236,Mon005.ANM,
game17.msg,3,0x00000328,command,0,0,,10,236,Mon006.ANM,
game17.msg,4,0x00000425,dialogue,1,6,,40,236,這本黑皮書上面好像有寫字，我念念看．．．,There seems to be writing in this Black Book. Let me read it...
game17.msg,6,0x0000061F,dialogue,1,0,,18,236,原來上面記載著咒語,So it is a record of spells.
game17.msg,8,0x00000819,dialogue,1,0,,26,236,我不記得那本黑皮書放到哪？,I cannot remember where I put that Black Book.
game18.msg,1,0x0000012E,command,0,0,,10,236,Mon007.ANM,
game19.msg,0,0x00000031,dialogue,1,2,,150,236,我難以接受眼前的景像！成長中的記憶化為廢墟‧‧這是泰吉拉嗎？這些來到世上的醜陋怪物大概是我的傑作，我想逃離這所有的不快，但憤恨如燙熱灼火在我心中燃燒！,"I cannot accept what I see. The memories I grew up with are rubble... Is this Tajira? These ugly monsters are probably my doing. I want to run from it, but rage burns in me like fire."
game19.msg,1,0x0000012E,dialogue,9,3,,60,236,你在想什麼？這裡應該是泰吉拉‧‧它似乎經歷了某種可怕的變故！,What are you thinking? This should be Tajira... Something terrible seems to have happened here.
game19.msg,2,0x0000022B,dialogue,1,4,,24,236,我拜託妳不要再說了‧‧！,"Please, say no more."
game19.msg,3,0x00000328,dialogue,9,5,,18,236,我能了解你的感受！,I understand how you feel.
game19.msg,4,0x00000425,dialogue,1,6,,86,236,對不起！我承受不了這麼巨大的打擊，我們去殺散這些怪物，希望我的鄰居們不要受到傷害‧‧‧,I am sorry. I cannot take a blow this big. Let us go and scatter these monsters. I hope my neighbors have not been hurt...
game19.msg,5,0x00000522,dialogue,9,0,,12,236,我準備好了！,I am ready.
game19.msg,6,0x0000061F,dialogue,0,8,,80,236,為什麼我不能在睡夢中平靜的死去？為什麼在我死前還要承受如此劇烈的痛苦？啊‧‧‧‧,Why can I not die peacefully in my sleep? Why must I suffer such agony before I go? Ah...
game19.msg,7,0x0000071C,dialogue,1,9,,28,236,嗚‧‧嗚‧‧！都是我的錯‧‧,Sob... sob... It is all my fault...
game19.msg,8,0x00000819,dialogue,9,0A,,16,236,你有親人在此嗎？,Do you have family here?
game19.msg,9,0x00000916,dialogue,1,0,,18,236,我媽媽去德佳古了！,My mother went to Dejia Old Town.
game19.msg,11,0x00000B10,dialogue,0,0,,36,236,喜歡烹飪也要受到這樣的報應！啊‧‧‧,Is this what I get for loving to cook? Ah...
game2.msg,0,0x00000031,dialogue,68,2,,28,236,不要跟我說話，我看你不順眼！,Do not talk to me. I do not like the look of you.
game2.msg,1,0x0000012E,dialogue,1,0,,24,236,謝謝！我也不怎麼喜歡你！,Thanks. I am not fond of you either.
game2.msg,2,0x0000022B,dialogue,6F,0,,42,236,孟郡城是摩羅王朝的首都，這兒的空氣不錯吧！,"Mengjun City is the capital of the Moro Dynasty. Good air here, is it not?"
game2.msg,3,0x00000328,dialogue,65,5,,42,236,小伙子啊，城裏有株毒玫瑰，碰不得，碰不得！,"Young man, there is a poison rose in this city. Do not touch her. Do not touch her."
game2.msg,4,0x00000425,dialogue,1,6,,22,236,玫瑰有刺，可是沒有毒。,"Roses have thorns, but they are not poisonous."
game2.msg,5,0x00000522,dialogue,65,7,,34,236,我指的是壞女人，她追逐無恥的歡樂！,I mean a wicked woman. She chases after shameless pleasures.
game2.msg,6,0x0000061F,dialogue,1,8,,24,236,她叫什麼名字？住在那裡？,What is her name? Where does she live?
game2.msg,7,0x0000071C,dialogue,65,0,,16,236,男人就是不要臉！,Men have no shame at all.
game2.msg,8,0x00000819,dialogue,71,0,,12,236,吃飯黃帝大！,"When it is time to eat, not even the emperor comes first."
game2.msg,9,0x00000916,dialogue,74,0,,22,236,我是神射飛鏢手，看鏢！,I am a crack dart thrower. Watch this.
game2.msg,10,0x00000A13,dialogue,70,0,,10,236,我漂亮嗎？,Am I pretty?
game2.msg,11,0x00000B10,dialogue,70,0,,8,236,有眼光！,You have good taste.
game2.msg,12,0x00000C0D,dialogue,70,0,,40,236,我的美麗存在於衣服之內，難怪你看不出來！,My beauty is under my clothes. No wonder you cannot see it.
game2.msg,13,0x00000D0A,dialogue,70,0,,22,236,我的豔麗讓你無話可說！,My looks have left you speechless.
game2.msg,14,0x00000E07,dialogue,73,0,,24,236,有時候也不用太吝惜金錢！,Sometimes you should not be so tight with your money.
game2.msg,15,0x00000F04,dialogue,75,0,,48,236,若是能夠與莉莉小姐一夜風流，蝕骨消魂，死也甘願！,"One wild night with Miss Lily, soul and bone undone, and I would die happy."
game2.msg,16,0x00001001,dialogue,71,0,,19,236,請保持進嶽阞犒蝩R！,Please keep this %$#@*& clean!
game2.msg,17,0x000010FE,dialogue,74,13,,6,236,幹嘛？,What do you want?
game2.msg,18,0x000011FB,dialogue,1,14,,20,236,你有見到個化粧箱嗎？,Have you seen a vanity case?
game2.msg,19,0x000012F8,dialogue,74,0,,14,236,可以拿來射嗎？,Can I throw darts at it?
game2.msg,20,0x000013F5,dialogue,70,0,,32,236,化粧箱‧‧嗚‧‧嗚‧何時才能擁有,A vanity case... sob... sob... when will I ever have one?
game2.msg,21,0x000014F2,dialogue,73,0,,36,236,大男人用什麼化粧箱？莫非你是同性戀？,What does a grown man want with a vanity case? Do not tell me you are queer.
game2.msg,22,0x000015EF,dialogue,75,18,,38,236,你在找化粧箱，莫非你跟莉莉小姐有一腿？,Looking for a vanity case? Do not tell me you have something going with Miss Lily.
game2.msg,23,0x000016EC,dialogue,1,19,,16,236,你誤會了，沒有。,You have it wrong. I do not.
game2.msg,24,0x000017E9,dialogue,75,0,,22,236,有的話我打‧‧‧死你！,If you did I would beat you... to death!
game2.msg,25,0x000018E6,dialogue,66,1B,,38,236,我在吃美食！我在喝醇酒！我有三妻四妾！,I am eating fine food. I am drinking good wine. I have three wives and four concubines.
game2.msg,26,0x000019E3,dialogue,1,1C,,14,236,說夢話的乞丐！,A beggar talking in his sleep.
game2.msg,27,0x00001AE0,dialogue,66,0,,46,236,好心有好報，給我雞腿，給我美酒，給我美女照片！,"Kindness comes back to you. Give me a chicken leg, give me good wine, give me a picture of a pretty girl."
game2.msg,28,0x00001BDD,dialogue,1,1E,,40,236,我剛好有個野餐盒，裡面正好有你要的東西！,"As it happens I have a picnic box, and everything you want is inside."
game2.msg,29,0x00001CDA,dialogue,66,0,,26,236,太感謝你了！這化粧箱給你。,Thank you so much. Take this vanity case.
game2.msg,30,0x00001DD7,dialogue,1,20,,16,236,我沒有這些東西！,I do not have any of that.
game2.msg,31,0x00001ED4,dialogue,66,0,,12,236,你沒有！唉！,You do not? Ah.
game2.msg,32,0x00001FD1,dialogue,1,22,,44,236,死要飯的！你要這些東西幹嗎？餓死你這王八蛋！,"Wretched little scrounger. What do you want all that for? I hope you starve, you bastard."
game2.msg,33,0x000020CE,dialogue,66,0,,24,236,不給就算了，何必羞辱我！,"If you will not give, then do not, but why humiliate me?"
game2.msg,34,0x000021CB,dialogue,66,0,,38,236,我在吃美食！我在喝醇酒！我有三妻四妾！,I am eating fine food. I am drinking good wine. I have three wives and four concubines.
game2.msg,35,0x000022C8,dialogue,81,0,,42,236,城內就數我這兒的東西最齊全，儘管看，儘管挑,"My shop has the best selection in the city. Take a look, take your pick."
game2.msg,36,0x000023C5,placeholder,81,0,ＥＦ,24,236,客人真是好眼光，Ｅ只賣Ｆ,"A fine eye, sir. The price:  Ｅ - Ｆ"
game2.msg,37,0x000024C2,placeholder,81,0,ＥＦ,14,236,你這Ｅ只能賣Ｆ,That of yours will only fetch:  Ｅ - Ｆ
game2.msg,38,0x000025BF,dialogue,66,1D,,46,236,好心有好報，給我雞腿，給我美酒，給我美女照片！,"Kindness comes back to you. Give me a chicken leg, give me good wine, give me a picture of a pretty girl."
game2.msg,39,0x000026BC,dialogue,83,0,,30,236,歡迎光臨本旅店，客倌有何貴幹？,"Welcome to our inn, sir. What can I do for you?"
game2.msg,40,0x000027B9,dialogue,83,0,,32,236,哦！休息只要２０，客倌有確定嗎？,"Oh. A room is only 20. Are you sure, sir?"
game2.msg,42,0x000029B3,dialogue,83,2C,,18,236,希望客倌有個好夢！,"I hope you have good dreams, sir."
game2.msg,44,0x00002BAD,dialogue,83,0,,20,236,希望客倌再度光臨本店,"Please come again, sir."
game2.msg,45,0x00002CAA,dialogue,83,0,,24,236,對不起！客倌您的錢不夠！,"I am sorry, sir. You do not have enough money."
game21.msg,0,0x00000031,dialogue,0,0,,60,236,我受的痛苦比我女朋友還要多！她一定要相信我對她的愛！啊‧‧‧,I have suffered more than my girlfriend has. She has to believe I love her. Ah...
game21.msg,1,0x0000012E,dialogue,0,3,,180,236,你知不知道這個惡魔是怎麼凌虐我的！我要給它錢，它不要，它說：我只要痛苦！我快要死了‧‧快拔出我身上的獵魂釘，這個惡魔就會出現‧‧你‧‧你要替‧‧本村死難‧‧居民‧‧報仇‧‧啊‧‧‧,You know how this demon tortured me? I offered money; it refused. It said: I only want pain. I'm dying... pull the soul-hunting nail from me and it comes... avenge our dead... ah...
game21.msg,2,0x0000022B,dialogue,4,0,,58,236,我一定會報仇的！整死村長還情有可原，害死其他人就不能原諒！,"I will have my revenge. Tormenting the village chief I could almost forgive, but killing the rest of them I never will."
game21.msg,5,0x00000522,command,1,8,,10,236,Map028.DAT,
game21.msg,7,0x0000071C,command,0,0,,10,236,MStg14.ANM,
game23.msg,1,0x0000012E,command,0,0,,10,236,Mon008.ANM,
game24.msg,1,0x0000012E,command,0,0,,10,236,Mon009.ANM,
game24.msg,3,0x00000328,dialogue,1,0,,32,236,我想炸藥在這裡應該派得上用場吧！,I think the explosives should come in handy here.
game24.msg,6,0x0000061F,command,0,0,,10,236,MStg13.ANM,
game25.msg,2,0x0000022B,command,0,0,,10,236,MonB1A.ANM,
game28.msg,0,0x00000031,dialogue,65,2,,154,236,哈！哈！生命短暫，靈魂恆久遠！不過，我要撕劣你的靈魂！我是痛苦使者！痛苦是地獄的核心，來吧！讓我為你展示千變萬化的痛苦，這是藝術，只有肉體才能表演的藝術！,"Life is short, the soul endures. But I will tear your soul apart. I am the Envoy of Pain. Pain is the core of hell. Let me show you its thousand forms, the art only flesh can perform."
game28.msg,1,0x0000012E,dialogue,1,3,,26,236,我要殺了你替我的鄰居報仇！,I am going to kill you and avenge my neighbors.
game28.msg,2,0x0000022B,dialogue,65,0,,126,236,地獄是屬於死亡的世界，我早已穿越死亡的歷程，你認為我將何去何從？哈！哈！我將撕劣你的靈魂！只有無比脆弱的心靈才能聽到我的哭喊！,"Hell belongs to the dead, and I passed through death long ago. Where do you think I can go now? Ha! Ha! I will tear your soul apart. Only the most fragile hearts can hear me scream."
game28.msg,3,0x00000328,dialogue,1,0,,48,236,你給我出來，你這個懦夫，我才要撕裂你的每寸肌膚！,"Come out here, coward. I am the one who will tear the skin off you inch by inch."
game28.msg,4,0x00000425,dialogue,0,0,,188,236,傷心女神雕像寫著：她已不年青，但臉上依然修飾著無邪笑容，她的眼睛訴說心中扭曲的芒刺，她纖細的雙手背負著孤寂宿命，她的淚水妝扮滿天星辰，長髮編織冰冷蒼穹。當月色照臨悲涼心田，誰願與她翩翩？？,"On the Goddess of Sorrow: still smiling though no longer young, her eyes a twisted thorn, her hands a lonely fate, her tears the stars, her hair the cold sky. Who will dance with her?"
game28.msg,6,0x0000061F,dialogue,0,0A,,20,236,看來你一定不是中國人,It seems you are certainly not Chinese.
game28.msg,7,0x0000071C,command,0,0,,10,236,MStg14.ANM,
game28.msg,8,0x00000819,dialogue,0,0A,,10,236,很好，請進,Very good. Please come in.
game3.msg,0,0x00000031,dialogue,76,0,,40,236,住在城東的曼德拉以前是學者，現在是瘋子！,"Mandela, who lives on the east side of the city, used to be a scholar. Now he is a madman."
game3.msg,1,0x0000012E,dialogue,6B,0,,28,236,你想知道寂寞芳心湖的由來嗎？,Would you like to know where Lonely Hearts Lake got its name?
game3.msg,2,0x0000022B,dialogue,6B,4,,188,236,從前，有個容貌醜陋的富家女，家境雖然富裕，卻沒有男人對她有興趣，有一天，她無意間來到湖的南邊，從水中的倒影見到自己竟然擁有一張美麗的臉孔，她陷入對幻影的迷戀，不吃不喝，不忍離去，直到死去！,"Once there was an ugly rich girl, and no man wanted her. One day at the south shore she saw a beautiful face in the water. She loved it so much she would not eat or leave, and died."
game3.msg,3,0x00000328,dialogue,1,0,,26,236,聽起來有點淒美，也很愚蠢！,"It sounds rather sad and beautiful, and also very stupid."
game3.msg,4,0x00000425,dialogue,1,0,,8,236,不必了！,No thank you.
game3.msg,5,0x00000522,dialogue,68,0,,36,236,這個國家是有錢人的天堂，窮人的地獄！,This country is heaven for the rich and hell for the poor.
game3.msg,6,0x0000061F,dialogue,78,0,,32,236,強者的壓迫不因弱者的痛苦而束手！,The strong do not stay their hand just because the weak are suffering.
game3.msg,7,0x0000071C,dialogue,6C,0,,50,236,做人真的很痛苦，每天不是身體不舒服，就是心情惡劣。,Being alive really is painful. Every day it is either my body aching or my mood black.
game3.msg,8,0x00000819,dialogue,67,0,,28,236,我爸爸很有錢，然後我很快樂！,"My father is very rich, so I am very happy."
game3.msg,9,0x00000916,dialogue,65,0B,,34,236,我先生家財萬貫，卻依然得不到滿足！,My husband has a fortune beyond counting and still he is not satisfied.
game3.msg,10,0x00000A13,dialogue,1,0,,24,236,他到底還有什麼不滿足的？,What on earth could he still be missing?
game30.msg,0,0x00000031,dialogue,0,2,,146,236,本村的土地幾乎都屬於大地主卡農所有，要是有人敢罵他為富不仁的話，我一定跟他翻臉！在這樣的時代裡，以他這般的身份，還能擁有一副好心腸，真是令人感動。,"Nearly all the land here belongs to Kanon. If anyone dares call him a heartless rich man, they answer to me. In an age like this, a man of his standing with a kind heart is moving."
game30.msg,1,0x0000012E,dialogue,1,3,,46,236,他有恩於你嗎？看你隨時準備為他兩肋插刀的樣子！,Does he have some claim on you? You look ready to take a knife in the ribs for him.
game30.msg,2,0x0000022B,dialogue,0,4,,104,236,我是個獵人，專門獵捕大象，得到的象牙再賣給卡農，在一次打獵中我被一頭發狂的大象刺穿腹部，鮮血如洪水般湧出,"I am a hunter. Elephants are my trade, and I sell the ivory on to Kanon. On one hunt a maddened elephant ran me through the belly and the blood came out like a flood."
game30.msg,3,0x00000328,dialogue,0,5,,96,236,我絕望地躺在那等死，卡農正好經過，他毫不遲疑地吸吮我的傷口，沒想到血竟然止住了，而我也逃過一劫。,"I lay there in despair waiting to die, and Kanon happened to pass by. He sucked at my wound without a moment's hesitation, and somehow the bleeding stopped. I survived."
game30.msg,4,0x00000425,dialogue,1,6,,30,236,太神奇了吧！難道他是隻大蚊子？,That is incredible. Was he some kind of giant mosquito?
game30.msg,5,0x00000522,dialogue,0,0,,88,236,我父母給我生命，而卡農救我性命，你最好不要用如此輕蔑的語氣侮辱卡農，否則我會一箭射死你！,"My parents gave me life and Kanon saved it. You had better not insult him in that contemptuous tone, or I will put an arrow through you."
game30.msg,6,0x0000061F,dialogue,0,0,,70,236,卡農竟然是個吸血狂魔！一想到我的傷口曾受過他的嘴巴處理，我就直冒冷汗！,So Kanon was a blood-drinking monster all along. Every time I think of his mouth on my wound I break out in a cold sweat.
game30.msg,7,0x0000071C,dialogue,0,0,,74,236,卡農樂善好施，急公好義，雖然他的身份地位高人一等，待人依然親切，毫無架子。,"Kanon was generous and public-spirited. His rank set him above the rest of us, but he was always warm and never put on airs."
game30.msg,8,0x00000819,dialogue,0,0,,38,236,卡農雖然死有餘辜，但總是有點令人惋惜！,"Kanon deserved everything he got, but it is still a little sad."
game30.msg,9,0x00000916,dialogue,0,0,,136,236,我所獵到的動物以大象、犀牛、老虎最有價值，卡農專門收購這些獵物，如果沒有卡農，我根本不知這份工作能有什麼利益，以前我獵山豬，現在殺大象。,"Elephants, rhinos and tigers are worth the most, and Kanon bought them all. Without him I would never have known what this work could earn. I used to hunt boar; now I kill elephants."
game30.msg,10,0x00000A13,dialogue,0,0,,114,236,卡農雖然對人血有特別的愛好，但他並沒有危害到本村居民的性命，事實證明他只吸外來客的血，況且他死了，我的財路也斷了！,"Kanon may have had a taste for human blood, but he never took a life in this village. He only ever drank from outsiders, and now that he is dead my income is finished too."
game30.msg,11,0x00000B10,dialogue,0,0D,,64,236,大哥哥我很厲害呦！我已經會鋸象牙了，我妹妹也很棒，她會割犀牛角！,"Mister, I am really good at this. I can saw ivory already. My little sister is good too. She can cut off rhino horns."
game30.msg,12,0x00000C0D,dialogue,9,0,,24,236,不！這既不厲害！也不棒！,"No. That is not good, and it is not something to be proud of."
game30.msg,13,0x00000D0A,dialogue,0,0,,30,236,我跟我妹妹再也不會傷害動物了！,My sister and I will never hurt an animal again.
game30.msg,14,0x00000E07,dialogue,0,0,,50,236,我們全家人都殺大象！爸爸說牠們死了，我們才有飯吃。,Our whole family kills elephants. Father says we only eat because they die.
game30.msg,15,0x00000F04,dialogue,0,0,,34,236,爸爸說寧可餓死，也不能再殺大象了。,Father says he would rather starve than kill another elephant.
game30.msg,16,0x00001001,dialogue,0,12,,102,236,象牙是珍貴的裝飾品，是財富的象徵，地位的表現，哈曼奴的象牙，供應各地有需要的富商名流，替本鎮賺取大量的,"Ivory is a precious ornament, a sign of wealth and a mark of standing. The ivory of Hamanu supplies rich merchants and notables everywhere, and earns this town a great deal of"
game30.msg,17,0x000010FE,dialogue,0,13,,88,236,金錢，這一切都要感謝卡農，因為他偶然的巧思才使的大家了解象牙的價值，本鎮也得以脫離貧窮。,"money. We owe it all to Kanon, whose chance idea made everyone see what ivory was worth. It lifted this town out of poverty."
game30.msg,18,0x000011FB,dialogue,1,14,,38,236,卡農有什麼偉大的巧思害的大象賠上一命？,"And what was Kanon's great idea, the one that cost the elephants their lives?"
game30.msg,19,0x000012F8,dialogue,0,15,,120,236,卡農很喜歡雕刻，有一天他經過一頭死象的旁邊，忽然靈機一動不妨用象牙代替木頭試試看，結果雕刻出來的成品晶瑩剔透，渾然天成。,"Kanon loved to carve. One day he passed a dead elephant and it struck him to try ivory instead of wood. The finished piece came out clear and lustrous, as if it had made itself."
game30.msg,20,0x000013F5,dialogue,0,16,,88,236,後來摩羅王路過本鎮時，他把這象牙雕刻送給摩羅王，摩羅王看過之後愛不釋手，風尚就這樣形成。,"Later, when King Moro passed through town, he gave the carving to him. King Moro could not put it down, and that was how the fashion began."
game30.msg,21,0x000014F2,dialogue,9,17,,34,236,你看看只要是他喜歡的，絕對沒好事！,You see? Nothing he takes a liking to ever ends well.
game30.msg,22,0x000015EF,dialogue,1,18,,40,236,他若是喜歡天上的星星，又有誰能摘的下來！,"If he took a liking to the stars, who could pull them down for him?"
game30.msg,23,0x000016EC,dialogue,0,0,,60,236,年輕人你若是不知什麼叫做沉默是金的話，我實在是替你感到憂慮。,"Young man, if you do not know that silence is golden, then I truly fear for you."
game30.msg,24,0x000017E9,dialogue,0,20,,38,236,你們怎麼還賴在這不走？本鎮不歡迎你們！,Why are you still hanging around here? This town does not want you.
game30.msg,25,0x000018E6,dialogue,0,1B,,112,236,我的女兒自小就愛護動物‧‧她在信中說：如果爸爸為了我的死而傷心的話，就能體會我對村民們毫無節制殺害動物的痛苦了！,"My daughter loved animals from the time she was small... She wrote: if my death makes you grieve, father, you will understand the pain I felt at the villagers killing without limit."
game30.msg,26,0x000019E3,dialogue,0,1C,,60,236,鎮長！希望你知道該如何做才能使你的女兒在九泉之下不感到遺憾！,Mayor. I hope you know what you must do so your daughter can rest without regret.
game30.msg,27,0x00001AE0,dialogue,0,1D,,20,236,嗚‧‧嗚‧‧我知道！,Sob... sob... I know.
game30.msg,28,0x00001BDD,dialogue,0,0,,30,236,我的女兒再也不會回到我的身邊！,My daughter will never come back to me.
game30.msg,30,0x00001DD7,command,0,0,,10,236,Mstg30.ANM,
game30.msg,32,0x00001FD1,dialogue,69,0,,36,236,我這兒有你需要的藥品，儘管看，儘管挑,"I have the medicine you need. Take a look, take your pick."
game30.msg,33,0x000020CE,placeholder,69,0,ＥＦ,18,236,你需要的Ｅ只有賣Ｆ,The one you want sells for:  Ｅ - Ｆ
game30.msg,34,0x000021CB,placeholder,69,0,ＥＦ,16,236,你擁有的Ｅ只賣Ｆ,The one you have will fetch:  Ｅ - Ｆ
game30.msg,35,0x000022C8,dialogue,68,0,,38,236,在哈曼奴買武器就要找我，儘管看，儘管挑,"If you want weapons in Hamanu, come to me. Take a look, take your pick."
game30.msg,36,0x000023C5,placeholder,68,0,ＥＦ,24,236,客人真是好眼光，Ｅ只賣Ｆ,"A fine eye, sir. The price:  Ｅ - Ｆ"
game30.msg,37,0x000024C2,placeholder,68,0,ＥＦ,14,236,你這Ｅ只能賣Ｆ,That of yours will only fetch:  Ｅ - Ｆ
game31.msg,0,0x00000031,dialogue,67,0,,62,236,你有見到一個臉色蒼白，體格瘦長的男子嗎？他的蒼白令人難以忘懷！,"Have you seen a man with a pale face and a long, thin build? You do not forget a pallor like his."
game31.msg,1,0x0000012E,dialogue,1,3,,24,236,我有見到這麼樣的一個人！,I have seen a man like that.
game31.msg,2,0x0000022B,dialogue,67,4,,32,236,快告訴我他人在那裡？他是我哥哥！,"Tell me quickly, where is he? He is my brother."
game31.msg,3,0x00000328,dialogue,1,5,,20,236,我想起來了！沒見過！,Now I remember. I have not.
game31.msg,4,0x00000425,dialogue,67,0,,54,236,哈！哈！哈！你竟敢戲弄我‧‧小混蛋我不會再跟你說話了！,"Ha! Ha! Ha! How dare you make a fool of me... I am not saying another word to you, you little wretch."
game31.msg,5,0x00000522,dialogue,1,7,,48,236,我沒有見到這位難忘的蒼白人士！他與你是什麼關係？,I have not seen this unforgettable pale gentleman. What is he to you?
game31.msg,6,0x0000061F,dialogue,67,8,,116,236,他是我哥哥，是我唯一的親人，不過我們聚少離多，他是苦行僧，四處流浪尋找他所要尋找的，雖然他尚未發現，但他依然在尋找！,"He is my brother, my only family, though we are apart far more than together. He is an ascetic monk, wandering in search of something. He has not found it, but he is looking still."
game31.msg,7,0x0000071C,dialogue,1,9,,16,236,現在換你來尋找？,And now it is your turn to look?
game31.msg,8,0x00000819,dialogue,67,0A,,116,236,我夢到他來到哈曼奴，夢到他死了，死於非命！我從夢中驚醒，不知道是真是假，我馬上趕到此地，無論如何我一定要找到我哥哥。,"I dreamed he came to Hamanu, and I dreamed he died, badly. I woke in a fright, not knowing if it was true, and came straight here. Whatever it takes, I will find my brother."
game31.msg,9,0x00000916,dialogue,9,0B,,44,236,手足情深令人動容！我們會替你留意的，你放心！,"Such love between siblings is moving. We will keep an eye out for you, do not worry."
game31.msg,10,0x00000A13,dialogue,67,0,,60,236,我哥哥不但有著令人難忘的蒼白，他身上的枯骨法器是最大的特徵。,"Besides that unforgettable pallor, the surest sign is the withered-bone talisman he carries."
game31.msg,11,0x00000B10,dialogue,67,0,,17,236,你們有看到他嗎？ ,Have you seen him?
game31.msg,12,0x00000C0D,dialogue,67,0E,,50,236,這不是我哥哥的枯骨法器嗎！不要告訴我的夢是真的‧‧,But this is my brother's withered-bone talisman. Do not tell me the dream was true...
game31.msg,13,0x00000D0A,dialogue,4,0F,,36,236,卡農是個超級變態兇手，他專門吸人血！,"Kanon is a monstrous, twisted murderer. He drinks people's blood."
game31.msg,14,0x00000E07,dialogue,9,10,,58,236,他的旅店根本就是掛羊頭賣狗肉！不過，他再也享受不到人血了！,"That inn of his was a front from the start. Still, he will never taste human blood again."
game31.msg,15,0x00000F04,dialogue,67,11,,64,236,雖然他殺了我哥哥，可是你們也不能濫施刑罰，你們怎麼可以擅自做主！,"He killed my brother, yes, but that doesn't give you the right to hand out punishment. How could you take the law into your own hands!"
game31.msg,16,0x00001001,dialogue,1,12,,96,236,你的意思是我們藐視摩羅王朝的法律？你知不知道殺你哥哥的兇手也是這麼說的，他家財萬貫，有身份有地位,"You mean we're showing contempt for the laws of the Moro Dynasty? You know the man who killed your brother said the same thing. He's rich, with rank and standing"
game31.msg,17,0x000010FE,dialogue,1,13,,58,236,你認為這個國家會保護誰？是他！不是那些被他搞死的小老百姓！,Who do you think this country will protect? Him. Not the ordinary people he has destroyed.
game31.msg,18,0x000011FB,dialogue,67,14,,98,236,既使我們的國家是非不分，身為國民的一份子也必需守法！這不是任何藉口可以掩飾的，除非你有本事推翻它。,"Even if our country can't tell right from wrong, a citizen still has to obey the law. No excuse covers that up, unless you have the power to overthrow it."
game31.msg,19,0x000012F8,dialogue,1,15,,26,236,推翻摩羅王朝是你的理想嗎？,Is overthrowing the Moro Dynasty your ideal?
game31.msg,20,0x000013F5,dialogue,67,16,,32,236,在它還未垮台之前的確是我的理想！,"Until it falls, yes, that is my ideal."
game31.msg,21,0x000014F2,dialogue,1,17,,60,236,這也是我的理想！現在有個艱難的機會，你願意與我們共同奮鬥嗎？,It's mine too. There is a hard chance in front of us now. Will you fight alongside us?
game31.msg,22,0x000015EF,placeholder,67,18,Ｄ,26,236,我願意盡我的力量！我是Ｄ！,I'll give everything I have. I'm Ｄ.
game31.msg,23,0x000016EC,placeholder,1,19,ＡＢ,22,236,你好！我是Ａ，她是Ｂ！,"Good to meet you. I'm Ａ, and this is Ｂ."
game31.msg,24,0x000017E9,dialogue,9,1A,,14,236,很高興認識你！,Very glad to meet you.
game31.msg,25,0x000018E6,dialogue,67,1B,,50,236,你所謂的機會是不是與最近這個世界所產生的變化有關？,Does this chance of yours have something to do with the changes in the world lately?
game31.msg,26,0x000019E3,dialogue,1,1C,,4,236,是！,It does.
game31.msg,27,0x00001AE0,dialogue,67,1D,,118,236,我有個線索，當我前幾天經過浩劫石地的時後，突如其來的巨大震動令我印象深刻，因為並不是自然現象，似乎是某種生物所引起的！,"I have a lead. Passing through the Ravaged Stonelands a few days ago, I felt a sudden huge tremor that stayed with me. It wasn't natural. Something alive seemed to cause it."
game31.msg,28,0x00001BDD,dialogue,1,5A,,18,236,我們就去浩劫石地！,Then we go to the Ravaged Stonelands.
game31.msg,29,0x00001CDA,dialogue,65,1F,,112,236,您好！卡農在這裡向兩位問後！有什麼需要小弟效勞的地方請儘管說，不要客氣！在家靠父母，出外靠朋友，四海之內皆兄弟！,"Greetings. Kanon pays his respects to you both. Anything I can do for you, just say the word. At home you rely on your parents, away from home on friends. All men are brothers."
game31.msg,30,0x00001DD7,dialogue,9,20,,34,236,你的態度實在讓人很難相信你的真誠！,Your manner makes it very hard to believe you're sincere.
game31.msg,31,0x00001ED4,dialogue,65,21,,28,236,小姐對不起，能否請再說一遍？,"I'm sorry, miss, would you say that again?"
game31.msg,32,0x00001FD1,dialogue,1,22,,34,236,她是說您的態度真誠，令人難以抗拒！,She said your sincerity is impossible to resist.
game31.msg,33,0x000020CE,dialogue,65,23,,44,236,能夠得到這位美麗小姐的讚美真是令我受寵若驚！,Praise from such a beautiful lady is more than I deserve.
game31.msg,34,0x000021CB,dialogue,9,24,,12,236,我的天啊‧‧,Oh my god...
game31.msg,35,0x000022C8,dialogue,1,25,,106,236,妳給我閉嘴！不‧我是說卡農先生擁有高人一等的地位，也擁有一付善良的心腸。從街頭到巷尾，有那個人不敬佩您的！,"Shut your mouth. No... I mean that Mr Kanon holds a position above other men, and has a kind heart to match. From one end of the street to the other, who doesn't admire you?"
game31.msg,36,0x000023C5,dialogue,65,26,,86,236,您過獎了，雖然本鎮大部份的土地都屬於本人所有，您大概也知道本人也是全國最大的象牙供應商,"You flatter me. Most of the land in this town does belong to me, and you probably know I am also the largest ivory supplier in the country"
game31.msg,37,0x000024C2,dialogue,65,27,,92,236,若是沒有這些辛苦的鎮民為我工作，我也不可能累積龐大的財富，所謂：取之於哈曼奴，用之於哈曼奴！,"Without these hardworking townspeople working for me, I could never have built such a fortune. As the saying goes: taken from Hamanu, given back to Hamanu."
game31.msg,38,0x000025BF,dialogue,1,28,,28,236,佩服！佩服！聽說你有間旅店？,"Impressive, truly. I hear you own an inn?"
game31.msg,39,0x000026BC,dialogue,65,29,,140,236,我這間旅店不以營利為目的，專供過往旅客住宿之用，費用全憑個人心意，不給錢也沒關係，所以我將這間旅店取名為心意旅店。你們若是有需要，歡迎使用！,"My inn isn't run for profit. It's for travellers passing through, and you pay whatever you feel is right, or nothing. That's why I call it the Goodwill Inn. Use it if you need it."
game31.msg,40,0x000027B9,dialogue,1,0,,12,236,太謝謝您了！,Thank you so much.
game31.msg,41,0x000028B6,dialogue,66,2B,,84,236,我是梅亞！還記得在我小的時候黑煞沼澤是大象的樂園，那裡有取之不盡的食物，充沛的水源。,"I'm Meia. I still remember when I was small, the Black Curse Marsh was a paradise for elephants. Endless food there, and water in plenty."
game31.msg,42,0x000029B3,dialogue,66,2C,,116,236,我常常在夕陽下看著牠們龐大的身影淹沒在夜色中，如今我卻看著牠們跪倒在人類的刀箭之下，我很擔心大象將會從這個世界消失！,I used to watch their huge shapes sink into the dark at sunset. Now I watch them fall under human blades and arrows. I'm afraid elephants will vanish from this world.
game31.msg,43,0x00002AB0,dialogue,1,2D,,118,236,可是象牙為哈曼奴帶來富裕，只要是有利可圖，殺頭的生意都有人做，縱然妳有心，也無法扭轉這些人的觀念，除非切斷所有的需求。,"But ivory made Hamanu rich. Where there's profit, people will take any risk. However much you care, you can't change how they think, unless you cut off the demand."
game31.msg,44,0x00002BAD,dialogue,66,2E,,114,236,你說的沒錯！我父親是鎮長，我也無法說服他，更不用提一般的老百姓了。如果不是那該死的卡農，大象也不會受到無情的屠殺！,"You're right. My father is the mayor and I can't even persuade him, let alone ordinary people. If it weren't for that damned Kanon, the elephants wouldn't be slaughtered so cruelly."
game31.msg,45,0x00002CAA,dialogue,1,2F,,50,236,此地的人對卡農讚譽有加，他與一般的有錢人並不相同。,People here speak highly of Kanon. He isn't like other rich men.
game31.msg,46,0x00002DA7,dialogue,66,30,,106,236,他的虛假形象很耐人尋味‧‧他開的那間心意旅店經常傳出一覺醒來同伴卻不見的失蹤事件，我很難相信這會與他無關。,"His false face is worth thinking about... At that Goodwill Inn of his, guests often wake to find their companions gone. I find it hard to believe he has nothing to do with it."
game31.msg,47,0x00002EA4,dialogue,1,31,,62,236,如果與他有關，他將那些人弄到那裡去了呢？他的目的又是為了什麼？,"If he is involved, where is he taking them? And what does he want with them?"
game31.msg,48,0x00002FA1,dialogue,66,0,,56,236,我並不知道卡農的真正意圖‧‧可以確定的是那些人下場淒慘！,I don't know what Kanon really wants... What is certain is that those people met a terrible end.
game31.msg,49,0x0000309E,dialogue,66,33,,112,236,每次當我經過心意旅館的時候心頭就感到一陣涼意，這裡面一定隱藏著不為人知的秘密！聽我的忠告：最好不要投宿那間旅館。,Every time I pass the Goodwill Inn a chill runs through me. There is a secret hidden in there. Take my advice: don't stay the night in that inn.
game31.msg,50,0x0000319B,dialogue,1,0,,14,236,謝謝妳的建議！,Thank you for the warning.
game31.msg,51,0x00003298,dialogue,66,35,,26,236,我可以知道你們要去那裡嗎？,May I ask where you're going?
game31.msg,52,0x00003395,dialogue,1,36,,18,236,我也不知何去何從！,I don't know where we're headed myself.
game31.msg,53,0x00003492,dialogue,9,37,,28,236,別聽他胡說！我們要去嘉露城。,Don't listen to his nonsense. We're going to Jialu City.
game31.msg,54,0x0000358F,dialogue,66,38,,104,236,這麼說來你們會經過黑煞沼澤‧‧傳說只要向死者獻上菇沙草，他們下輩子就可以投胎為人，你們有看到這塊墓碑吧！,"Then you'll pass through the Black Curse Marsh... They say that if you offer gusha grass to the dead, they can be reborn as human in the next life. You see this gravestone?"
game31.msg,55,0x0000368C,dialogue,66,39,,76,236,這是我為了悼念那些死去的大象而立的。聽說只是聽說‧這種神奇植物就在黑煞沼澤！,"I put it up in mourning for the elephants that died. They say, and it's only what they say... that miraculous plant grows in the Black Curse Marsh."
game31.msg,56,0x00003789,dialogue,1,3A,,22,236,菇沙草對動物也有效嗎？,Does gusha grass work on animals too?
game31.msg,57,0x00003886,dialogue,66,3B,,80,236,不知道！因為我們人類的無知、貪婪與自私‧‧只要有一絲的彌補可能，我決不放棄希望！,"I don't know. Our ignorance, our greed, our selfishness... As long as there's the slightest chance to make amends, I will never give up hope."
game31.msg,58,0x00003983,dialogue,66,0,,84,236,如你所見‧我的雙腿不良於行，所以，你們若願意幫助我找尋菇沙草，我會準備小禮物送你們！,"As you can see... my legs don't work well. So if you're willing to help me find gusha grass, I'll have a small gift ready for you."
game31.msg,59,0x00003A80,dialogue,66,75,,48,236,找到菇沙草沒有？雖然這只是個傳說，但我深信不疑！,"Have you found the gusha grass? It may only be a legend, but I believe it without a doubt."
game31.msg,60,0x00003B7D,dialogue,66,3E,,76,236,我相信這是菇沙草，雖然你我從未見過！這是我答應的小禮物，這個我的心意請收下！,"I believe this is gusha grass, though neither of us has ever seen it. Here is the small gift I promised. Please take it, it comes from the heart."
game31.msg,61,0x00003C7A,dialogue,66,76,,24,236,謝謝你們為我所做的一切！,Thank you for everything you've done for me.
game31.msg,62,0x00003D77,dialogue,1,40,,46,236,我們也很同情大象的悲慘命運，我們願意幫這個忙！,We feel for the elephants and their bitter fate too. We're willing to help.
game31.msg,63,0x00003E74,dialogue,66,54,,12,236,麻煩你們了！,I'm in your debt.
game31.msg,64,0x00003F71,dialogue,1,54,,18,236,原諒我們幫不上忙！,Forgive us. We can't help you.
game31.msg,65,0x0000406E,dialogue,1,44,,80,236,並不是我們不願意幫妳‧‧難道做人就脫離苦海了嗎？何不尋求一個積極的方法拯救大象！,It isn't that we don't want to help you... Does being born human really free anyone from suffering? Why not look for a real way to save the elephants?
game31.msg,66,0x0000416B,dialogue,66,0,,36,236,我們又見面了！我知道我的語氣並不好。,We meet again. I know I didn't speak kindly to you.
game31.msg,67,0x00004268,dialogue,66,45,,36,236,我了解‧‧我就算付出生命也在所不惜！,I understand... I would give my own life and not regret it.
game31.msg,68,0x00004365,dialogue,9,0,,38,236,妳可千萬不要做傻事！也許事情會有轉機！,Don't do anything foolish. Things may still turn around.
game31.msg,69,0x00004462,dialogue,3,47,,18,236,梅亞上吊自殺了‧‧,Meia has hanged herself...
game31.msg,70,0x0000455F,dialogue,9,48,,62,236,她為什麼要這麼做？如果不是你說話刺激到她，她也不會走上絕路‧‧,"Why would she do that? If your words hadn't cut her so deeply, she would never have taken that road..."
game31.msg,71,0x0000465C,dialogue,3,4A,,84,236,她求死心切又怎能怪我！她的行動不方便，竟然使用這種方法結束性命‧‧由此可知她的決心！,"She was set on dying. How is that my fault? She could barely move, and still she ended her life that way... That shows how determined she was."
game31.msg,72,0x00004759,dialogue,0D,4A,,48,236,說這些又有什麼用呢？看看她身上有沒有留下些什麼！,What good does talking do now? See if she left anything on her.
game31.msg,73,0x00004856,dialogue,1,0,,24,236,有一封信！我們去找鎮長！,There's a letter. Let's go and find the mayor.
game31.msg,74,0x00004953,dialogue,66,4C,,82,236,剛剛一道耀眼的光茫吸走我的父親及所有的村民‧‧為什麼會發生這種事情？難道是天譴嗎？,A blinding light just swept away my father and all the villagers... Why is this happening? Is it a punishment from heaven?
game31.msg,75,0x00004A50,dialogue,1,4D,,40,236,那麼生活在黑煞沼澤的動物都可以喘口氣了！,Then the animals living in the Black Curse Marsh can breathe easier.
game31.msg,76,0x00004B4D,dialogue,66,4F,,28,236,嗚‧‧！這個代價未免太大了！,Ugh...! The price for that was far too high.
game31.msg,77,0x00004C4A,dialogue,0D,4F,,46,236,這個事件告訴我們‧不要做個不見棺材不掉淚的人！,This tells us something. Don't be the kind of person who won't weep until they see the coffin.
game31.msg,78,0x00004D47,dialogue,66,0,,44,236,我很思念我的父親！也許這一生再也見不到他了。,I miss my father. Maybe I'll never see him again in this life.
game31.msg,79,0x00004E44,dialogue,66,34,,42,236,我早就懷疑他很久了，謝謝你們除掉這個人渣！,I suspected him a long time ago. Thank you for getting rid of that filth.
game31.msg,80,0x00004F41,dialogue,66,52,,130,236,卡農殺了很多旅客對不對？你們拿了他的骯髒錢對不對？我都聽到了‧‧你們的良知值多少錢？請告訴我！雖然他財大勢大我也要揭穿他的真面目！,"Kanon killed a lot of travellers, didn't he? And you took his dirty money, didn't you? I heard all of it... What is your conscience worth? Tell me. Rich as he is, I'll expose him."
game31.msg,81,0x0000503E,dialogue,1,85,,44,236,既然妳嫉惡如仇剛才何不衝進去？放什麼馬後炮！,"If you hate evil so much, why didn't you charge in just now? It's easy to talk after the fact."
game31.msg,82,0x0000513B,dialogue,66,0,,78,236,謝謝你們除掉這個人渣！但是我躲在門外聽到你們的談話‧‧你們的行為令我無言以對！,Thank you for getting rid of that filth. But I was outside the door and heard you talking... What you did leaves me with nothing to say.
game31.msg,87,0x0000562C,dialogue,67,0,,16,236,你們這群騙子！！,You pack of liars!
game31.msg,89,0x00005826,command,0,0,,10,236,MStg20.ANM,
game31.msg,91,0x00005A20,command,0,5D,,10,236,MStg21.ANM,
game31.msg,103,0x000065FC,command,0,6A,,10,236,MStg27.ANM,
game31.msg,104,0x000066F9,command,0,6A,,10,236,MStg28.ANM,
game31.msg,106,0x000068F3,command,0,72,,10,236,MStg29.ANM,
game31.msg,108,0x00006AED,command,1,0,,10,236,Map034.DAT,
game31.msg,109,0x00006BEA,command,1,0,,11,236,Map034a.DAT,
game31.msg,114,0x000070DB,command,0,0,,10,236,MStg38.ANM,
game31.msg,115,0x000071D8,dialogue,65,0,,16,236,兩位真是聰明人！,You two are clever people.
game31.msg,116,0x000072D5,command,0,0,,10,236,MStg42.ANM,
game31.msg,118,0x000074CF,dialogue,66,0,,82,236,剛剛一道耀眼的光茫吸走我的父親及所有的村民‧‧為什麼會發生這種事情？難道是天譴嗎？,A blinding light just swept away my father and all the villagers... Why is this happening? Is it a punishment from heaven?
game31.msg,120,0x000076C9,dialogue,6A,0,,30,236,歡迎光臨本旅店，客倌有何貴幹？,"Welcome to our inn. What can I do for you, sir?"
game31.msg,121,0x000077C6,dialogue,0,0,,32,236,哦！休息只要２０，客倌有確定嗎？,"Oh. A rest is only 20. Are you sure, sir?"
game31.msg,123,0x000079C0,dialogue,6A,7D,,18,236,希望客倌有個好夢！,"I hope you have good dreams, sir."
game31.msg,125,0x00007BBA,dialogue,6A,0,,20,236,希望客倌再度光臨本店,"I hope you'll visit our inn again, sir"
game31.msg,126,0x00007CB7,dialogue,6A,0,,24,236,對不起！客倌您的錢不夠！,"I'm sorry, sir, you don't have enough money."
game32.msg,0,0x00000031,dialogue,0,0,,86,236,卡農不但在做象牙買賣而且在此地開了一家旅店，奇怪的是很多投宿的外地旅客經常離奇的失蹤。,"Kanon not only trades in ivory, he also runs an inn here. The strange thing is that many travellers from out of town who stay there vanish without explanation."
game32.msg,1,0x0000012E,dialogue,0,0,,24,236,難道他的副業是人口販子？,Could his sideline be trafficking people?
game32.msg,2,0x0000022B,dialogue,0,0,,24,236,我沒聽過卡農有這項副業。,I've never heard of Kanon having that sideline.
game32.msg,3,0x00000328,dialogue,0,0,,48,236,卡農不是人口販子！那些失蹤人口都已遭到他的毒手。,Kanon is no trafficker. Every one of those missing people died at his hands.
game32.msg,5,0x00000522,command,0,0,,10,236,MStg31.ANM,
game32.msg,7,0x0000071C,dialogue,0,0,,58,236,我是包打聽，想不想打聽一下？便宜一點，算你２０００就好了！,"I'm the man who knows things. Want to hear something? I'll go cheap, call it 2000."
game32.msg,10,0x00000A13,dialogue,0,0,,56,236,我常常看到卡農在樓下右邊櫃檯鬼鬼祟祟，好像在找什麼機關！,"I often see Kanon skulking about at the counter on the right downstairs, like he's looking for some hidden catch."
game32.msg,11,0x00000B10,dialogue,0,0B,,20,236,我不是告訴過你了嗎？,Didn't I already tell you?
game33.msg,0,0x00000031,dialogue,65,0,,38,236,我要血‧‧我要新鮮的血‧‧嗯‧真好喝！,I want blood... I want fresh blood... Mmm... delicious.
game33.msg,1,0x0000012E,dialogue,4,0,,100,236,卡農！看你平常人模人樣滿口客氣話，跟你現在一嘴鮮血的德性簡直就是令人作噁，你到底是妖怪還是心理變態？,"Kanon. You look like a decent man and your mouth is full of courtesies, and now here you are with blood all over it. It's sickening. Are you a monster or just twisted?"
game33.msg,2,0x0000022B,dialogue,9,0,,70,236,殺大象還不夠還要殺人！像你這種惡貫滿盈的嗜血狂已經沒有留在世上的必要！,"Killing elephants wasn't enough, you had to kill people. A blood-mad creature as steeped in evil as you has no reason left to stay in this world."
game33.msg,3,0x00000328,dialogue,65,5,,28,236,你們不能殺我！你們不是法律！,You can't kill me. You aren't the law.
game33.msg,4,0x00000425,dialogue,4,6,,54,236,這個國家的法律是用來對付小老百姓的，不是用來伸張正義！,"The law in this country is for grinding down ordinary people, not for justice."
game33.msg,5,0x00000522,dialogue,65,0,,137,236,正義值多少錢？對！我有的是錢‧‧你們只要放過我，我給你們一萬塊，你們有了這筆錢就可以做好多的事，所以‧‧拜託你們不要殺我‧‧饒我一命！   ,"What's justice worth? That's right, money is one thing I have... Just let me go and I'll give you ten thousand. With that you could do so much, so... please don't kill me. Spare me."
game33.msg,6,0x0000061F,dialogue,4,0,,86,236,難怪你慷慨大方，樂善好施，原來你視金錢如糞土，視鮮血如性命！誰要你的臭錢，我要你的命！,"No wonder you were so generous, so free with charity. You treat money like dirt and blood like life itself. Nobody wants your filthy money. I want your life."
game33.msg,7,0x0000071C,dialogue,65,9,,8,236,啊‧‧‧,Aaah...
game33.msg,8,0x00000819,dialogue,4,0A,,46,236,希望從你身上流出的鮮血能告慰那些因你而死的人！,I hope the blood running out of you brings some peace to the people who died because of you.
game33.msg,9,0x00000916,dialogue,1,0B,,18,236,這不是枯骨法器嗎！,Isn't this the withered-bone talisman!
game33.msg,10,0x00000A13,dialogue,9,12,,44,236,這麼說來他哥哥已經遭到不測，我們快去告訴他！,Then his brother has already met his end. We should go and tell him.
game33.msg,11,0x00000B10,dialogue,1,0,,20,236,這個條件不錯，成交！,Those are good terms. Done.
game33.msg,12,0x00000C0D,dialogue,65,10,,16,236,兩位真是聰明人！,You two are clever people.
game33.msg,13,0x00000D0A,dialogue,1,0,,44,236,有個兩全其美的方法‧‧先宰了你再搜刮你的錢！,"There's a way to have it both ways... kill you first, then take your money."
game33.msg,14,0x00000E07,dialogue,65,11,,58,236,如果今天這樣的結局是我的報應，有一天會輪到你們的！啊‧‧‧,"If this end today is what I deserve, your turn will come one day. Aaah..."
game33.msg,20,0x000013F5,command,0,16,,10,236,MStg15.ANM,
game33.msg,22,0x000015EF,command,0,0,,10,236,MStg16.ANM,
game33.msg,24,0x000017E9,command,0,0,,10,236,MStg17.ANM,
game33.msg,25,0x000018E6,command,0,0,,10,236,MStg18.ANM,
game33.msg,27,0x00001AE0,command,0,0,,10,236,MStg19.ANM,
game33.msg,34,0x000021CB,dialogue,1,0,,14,236,我沒有臥房鑰匙,I don't have the bedroom key
game35.msg,0,0x00000031,dialogue,0,0,,16,236,我找到一把鋸子！,I found a saw.
game35.msg,1,0x0000012E,dialogue,0,0,,14,236,這有一件紫衣！,There's a purple robe here.
game35.msg,3,0x00000328,dialogue,9,0,,14,236,好像一隻鐵鳥。,It looks like an iron bird.
game35.msg,4,0x00000425,dialogue,9,6,,26,236,你們看！眼前這些算是人嗎？,Look at them. Do these things count as people?
game35.msg,5,0x00000522,dialogue,66,7,,56,236,我們才是真正的人！你們這幾隻不過是這個星球上的生物之一！,We are the real people. You few are just one more life form on this planet.
game35.msg,6,0x0000061F,dialogue,66,8,,72,236,進化失敗的低等生物，等到你們知道天多高地多厚的時候，再稱自己是人也不遲！,"Failed low-grade evolution. When you learn how high the sky is and how deep the earth goes, it won't be too late to call yourselves people."
game35.msg,7,0x0000071C,dialogue,66,9,,16,236,我看是不可能的！,I doubt you ever will.
game35.msg,8,0x00000819,dialogue,9,0A,,34,236,請問三位人類，你們到底想要怎麼樣？,"So, you three humans, what exactly do you want?"
game35.msg,9,0x00000916,dialogue,66,0C,,56,236,我們只是要帶走一些這個星球上最可怕的生物做個仔細的研究。,We only want to take away some of the most terrifying creatures on this planet for close study.
game35.msg,10,0x00000A13,dialogue,0C,0C,,44,236,你們來晚了一步！那隻大蠍子已經被我們殺死了！,You're too late. We already killed that giant scorpion.
game35.msg,11,0x00000B10,dialogue,66,0D,,26,236,不！我是說像你這樣的生物。,No. I mean creatures like you.
game35.msg,12,0x00000C0D,dialogue,1,0E,,46,236,我們不會跟你走的！你們這些醜八怪最好不要亂來！,We aren't going anywhere with you. You ugly things had better not try anything.
game35.msg,13,0x00000D0A,dialogue,66,0F,,30,236,你們暫時還不是我們的研究對象！,You are not our research subjects for now.
game35.msg,14,0x00000E07,dialogue,1,10,,182,236,你們口口聲聲說自己是人，那麼你們是那裡人？也許你在你們的地方是人，但是在這塊地方，從我們眼中理解的範圍，實在無法認為你們是人！所以說你們絕對不可以帶走此地的任何一個人去做你們的實驗。,"You call yourselves human. Human from where? Maybe where you come from. But here, as far as we can see, you are not. So you will not take anyone from this place for your experiments."
game35.msg,15,0x00000F04,dialogue,66,11,,186,236,宇宙是無限大！我們就是從那來的‧‧根據我們的觀察，這個星球上的所有生物只有你們具有獨特的殺戮創意，同類之間不但自相殘殺，非我族類也是大殺特殺！這種與其它生物間的不同習性非常值得我們研究。,"The universe is endless. That is where we come from... Of all life here, only you have a genius for killing. You slaughter your own kind and everything else. That habit is worth study."
game35.msg,16,0x00001001,dialogue,66,12,,16,236,可以開始行動了！,We can begin.
game35.msg,17,0x000010FE,dialogue,1,13,,24,236,等一下！你們的對象是誰？,Wait. Who are your subjects?
game35.msg,18,0x000011FB,dialogue,66,0,,20,236,就在前面不遠的村莊！,The village not far ahead.
game35.msg,19,0x000012F8,dialogue,1,15,,40,236,你們的舉動形同綁架！我們不會座視不管的。,What you're doing is kidnapping. We won't stand by and watch.
game35.msg,20,0x000013F5,dialogue,9,17,,28,236,你們應該要把摩羅王帶走才對！,You should be taking King Moro instead.
game35.msg,21,0x000014F2,dialogue,9,17,,56,236,哈曼奴的村民雖然殺了很多動物‧‧可是也不能全怪罪於他們！,The people of Hamanu have killed a lot of animals... but you can't lay all the blame on them.
game35.msg,22,0x000015EF,dialogue,66,18,,34,236,我們的研究計劃不因任何影響而停止！,Nothing will stop our research programme.
game35.msg,23,0x000016EC,dialogue,66,24,,28,236,我們的進步豈是你們所能抵擋！,Our advancement is not something you can resist.
game35.msg,24,0x000017E9,dialogue,1,0,,16,236,走！快回哈曼奴！,"Move. Back to Hamanu, fast."
game35.msg,25,0x000018E6,dialogue,1,19,,56,236,我終於知道什麼是人外有人，天外有天！你們真是可怕的對手！,"Now I understand that there are always greater men, and skies beyond the sky. You are terrifying opponents."
game35.msg,26,0x000019E3,dialogue,1,1C,,32,236,住在哈曼奴的人，的確是值得研究！,The people living in Hamanu really are worth studying.
game35.msg,27,0x00001AE0,dialogue,66,26,,26,236,我們的科技超乎你們的想像！,Our technology is beyond anything you can imagine.
game35.msg,28,0x00001BDD,dialogue,9,1E,,46,236,你根本就是個正義感低落的懦夫！我真是瞎了眼了！,You're nothing but a coward with no sense of justice. I must have been blind.
game35.msg,29,0x00001CDA,dialogue,1,1F,,28,236,聽妳的口氣似乎是非常的後悔！,From your tone it sounds like you regret a great deal.
game35.msg,30,0x00001DD7,dialogue,9,20,,82,236,我要離開！當初是你親口告訴我：消滅黑暗力量，清除邪惡根源‧‧事實上你說一套做一套！,"I'm leaving. You told me yourself, in your own words: destroy the power of darkness, tear out the root of evil... In fact you say one thing and do another."
game35.msg,31,0x00001ED4,dialogue,1,21,,190,236,妳這是婦人之仁！我不希望大象絕種，也不願哈曼奴的居民就這樣被宇宙怪人抓走‧‧但是，再可預見的未來，人類並沒有滅絕的可能！這不是最好的選擇，卻是唯一的選擇！我們因理想而結合，不能因誤會而分開！,"That is a woman's soft heart. I do not want elephants gone, or Hamanu's people taken. But humans will not die out soon. Not the best choice, the only one. Do not let this split us."
game35.msg,32,0x00001FD1,dialogue,9,22,,34,236,‧‧我們是不是應該到哈曼奴去看看？,...Shouldn't we go and see how Hamanu is?
game35.msg,33,0x000020CE,dialogue,1,30,,6,236,當然！,Of course.
game35.msg,35,0x000022C8,command,0,25,,11,236,Space02.ANM,
game35.msg,36,0x000023C5,command,0,2C,,11,236,Space04.ANM,
game35.msg,37,0x000024C2,command,0,2C,,11,236,Space03.ANM,
game35.msg,40,0x000027B9,command,0,2C,,11,236,Space06.ANM,
game35.msg,42,0x000029B3,command,0,2F,,11,236,Stage01.FTC,
game35.msg,43,0x00002AB0,command,0,27,,11,236,Space07.ANM,
game35.msg,44,0x00002BAD,command,0,29,,11,236,Space05.ANM,
game35.msg,45,0x00002CAA,command,0,29,,11,236,Space08.ANM,
game35.msg,46,0x00002DA7,command,0,0,,11,236,Space01.ANM,
game35.msg,47,0x00002EA4,command,0,0,,11,236,Space07.ANM,
game37.msg,0,0x00000031,dialogue,1,0,,20,236,一具沒有頭的稻草人！,A scarecrow with no head.
game37.msg,1,0x0000012E,dialogue,1,0,,20,236,這個稻草人沒有身體！,This scarecrow has no body.
game37.msg,2,0x0000022B,dialogue,65,0,,50,236,是誰允許你們走入我的世界？我的世界不能有人類蹤影！,Who gave you leave to walk into my world? There can be no trace of humans in my world.
game37.msg,3,0x00000328,dialogue,1,5,,42,236,你才不屬於這個世界！你是從那個鬼地方來的？,You're the one who doesn't belong in this world. What hole did you crawl out of?
game37.msg,4,0x00000425,dialogue,65,0,,138,236,你們闖入我的世界卻反問我從何而來！我不願讓你們的靈魂滿懷疑問離開我的世界‧‧我為的是停止人類的存在‧‧讓一切都停止‧‧現在，我要夾死你們！,You break into my world and then ask where I came from. I will not let your souls leave full of questions... I want to stop human existence... to stop it all... Now I crush you.
game37.msg,5,0x00000522,dialogue,1,0,,62,236,我拔出長劍抽離醜陋龐大的軀體，你的世界是如此的脆弱與不堪一擊！,"I pull my sword out of that huge ugly body. Your world is fragile, it can't take a single blow."
game37.msg,6,0x0000061F,dialogue,0,0,,8,236,小鐵窗！,A little barred window.
game37.msg,12,0x00000C0D,dialogue,0,13,,16,236,朱冠蠻適合你的！,The red crest suits you well.
game37.msg,13,0x00000D0A,dialogue,0,13,,20,236,你穿上紫衣蠻不錯的！,The purple robe looks good on you.
game37.msg,20,0x000013F5,command,0,0,,10,236,MStg39.ANM,
game37.msg,21,0x000014F2,command,0,0,,10,236,MStg40.ANM,
game37.msg,24,0x000017E9,dialogue,0,0,,18,236,你是否忘了什麼事？,Have you forgotten something?
game37.msg,25,0x000018E6,command,0,0,,10,236,MonB2A.ANM,
game37.msg,28,0x00001BDD,command,0,1C,,10,236,MStg57.ANM,
game37.msg,29,0x00001CDA,command,0,0,,10,236,MStg58.ANM,
game38.msg,1,0x0000012E,command,3,0,,10,236,Map034.DAT,
game38.msg,2,0x0000022B,command,3,0,,11,236,Map034A.DAT,
game4.msg,1,0x0000012E,dialogue,1,3,,30,236,伯母您別傷心了，有話慢慢說‧‧,"Please don't cry, ma'am. Take your time and tell me..."
game4.msg,2,0x0000022B,dialogue,88,4,,144,236,我的兒子在街上玩耍只是不小心的拿石頭砸到那個混蛋，他竟然就把我的兒子吊到樹上‧‧要吊七天，現在才第二天‧‧嗚‧‧嗚‧他還這麼小，怎麼熬的下去呢！,"My son was playing in the street and hit that bastard with a stone by accident, and he strung my boy up in a tree... seven days, and it's only the second... he's so small!"
game4.msg,3,0x00000328,dialogue,1,5,,18,236,妳兒子被吊在那裡？,Where is your son hanging?
game4.msg,4,0x00000425,dialogue,88,0,,14,236,城外的小路‧‧,The lane outside the city...
game4.msg,5,0x00000522,dialogue,77,7,,48,236,我該怎麼辦？為什麼每次我約她，她都跟我說沒時間。,What am I supposed to do? Every time I ask her out she tells me she has no time.
game4.msg,6,0x0000061F,dialogue,1,0,,36,236,你的真心誠意為什麼要拿時間來衡量呢？,Why measure your sincerity by how much time she gives you?
game4.msg,7,0x0000071C,dialogue,7E,9,,36,236,不想說話，不想思考，直到世界末日‧‧,"Don't want to talk, don't want to think, not until the world ends..."
game4.msg,8,0x00000819,dialogue,1,0A,,14,236,你是曼德拉嗎？,Are you Mandela?
game4.msg,9,0x00000916,dialogue,7E,0B,,40,236,不要問我，沒有答案，不要看我，沒有希望！,"Don't ask me, there are no answers. Don't look at me, there is no hope."
game4.msg,10,0x00000A13,dialogue,1,0,,18,236,你一定就是曼德拉！,You must be Mandela.
game4.msg,11,0x00000B10,dialogue,7E,24,,12,236,我是神經病！,I'm a madman.
game4.msg,12,0x00000C0D,dialogue,7E,0E,,38,236,你這本書是從那來的？為什麼會在你身上？,Where did you get this book? Why is it in your hands?
game4.msg,13,0x00000D0A,dialogue,1,0F,,58,236,這本書好像治好了你的老毛病，一位老婦人在臨死之前拜託我的。,"The book seems to have cured that old trouble of yours. An old woman asked me to bring it, just before she died."
game4.msg,14,0x00000E07,dialogue,7E,10,,28,236,她是怎麼死的？難道是笨死的！,How did she die? Did she die of stupidity?
game4.msg,15,0x00000F04,dialogue,1,11,,70,236,不！她是被衛兵殺死的，因為她放走了得罪王子的小男孩！我已經把她給埋了！,"No. The guards killed her, because she let go the little boy who offended the prince. I've already buried her."
game4.msg,16,0x00001001,dialogue,7E,12,,44,236,哈‧哈‧哈‧她死了！嗚‧嗚‧嗚‧她竟然死了！,Ha. Ha. Ha. She's dead. Boo. Hoo. Hoo. She's actually dead.
game4.msg,17,0x000010FE,dialogue,1,13,,28,236,又哭又笑，你老毛病又犯了嗎？,Crying and laughing at once. Is your old trouble back again?
game4.msg,18,0x000011FB,dialogue,7E,14,,98,236,因為她死了，我才能看到這本書，所以我高興！因為她是我老婆，聽到她死了，所以我大哭！不過我還是高興！,"Because she died, I get to see this book, so I'm happy. Because she was my wife, and I heard she died, so I weep. But I'm still happy."
game4.msg,19,0x000012F8,dialogue,1,15,,30,236,為什麼她死了你才能看到這本書？,Why could you only see this book after she died?
game4.msg,20,0x000013F5,dialogue,7E,16,,184,236,你能了解對牛彈琴嗎？像我這麼一位偉大的知識份子竟然會為了階級制度的約束而娶了這個村姑，這個無知的女人除了會種田煮飯什麼都不會，看到我在讀書就出言諷刺，最後竟變本加厲，把我的書全給燒了！,"Do you know what playing music to a cow means? A great mind like me, bound by class to marry a village girl who knew only farm and kitchen. She mocked my reading, then burned my books."
game4.msg,21,0x000014F2,dialogue,1,17,,16,236,你真的是瘋子嗎？,Are you really mad?
game4.msg,22,0x000015EF,dialogue,7E,18,,140,236,不是！當我知道我的書被燒了之後，我知道這種日子我無法在過下去了，所以我就離開她，我無力改變這個國家的制度，所以我裝瘋賣傻，表達最深沉的抗議！,"No. Once I knew my books were burned, I knew I couldn't live that life any longer, so I left her. I can't change this country's system, so I play the fool. It's my deepest protest."
game4.msg,23,0x000016EC,dialogue,1,19,,56,236,這本書到底在寫些什麼？你老婆為什麼沒有把這本書也給燒了？,"What is this book about, anyway? Why didn't your wife burn this one too?"
game4.msg,24,0x000017E9,dialogue,7E,0,,126,236,誰能了解一個白癡的想法？我只看得懂第一頁，是這樣子寫的‧‧依靠著這本書可以聽到神的聲音！你若是有興趣的話，這本書就送給你好了！,"Who can follow an idiot's thinking? I could only read the first page. It said... with this book you can hear the voice of god. If it interests you, take it, it's yours."
game4.msg,25,0x000018E6,dialogue,1,22,,42,236,那我就收下了！希望以後你不要再裝瘋賣傻了！,Then I'll take it. I hope you'll stop playing the fool from now on.
game4.msg,26,0x000019E3,dialogue,1,1C,,38,236,我不喜歡看書！更何況是一本看不懂的書！,I don't like books. Least of all one I can't understand.
game4.msg,27,0x00001AE0,dialogue,7E,0,,70,236,你這個不學無術的混混！製作小組要我告訴你：帶著你萎縮的大腦滾出聖光島！,You ignorant thug. The development team asked me to tell you: take your shrivelled brain and get off Holy Island.
game4.msg,28,0x00001BDD,dialogue,7E,0,,22,236,我是個偉大的知識份子！,I am a great intellect.
game4.msg,29,0x00001CDA,dialogue,88,0,,70,236,我兒子告訴我有位好心的老婆婆放了他，我若是遇見她一定要好好的謝謝人家。,My son told me a kind old woman set him free. If I ever meet her I'll thank her properly.
game4.msg,30,0x00001DD7,dialogue,0,0,,46,236,有位老婆婆偷偷地放我走，我才能回到媽媽的身邊！,"An old woman let me go in secret, and that's how I got back to my mother."
game4.msg,32,0x00001FD1,command,0,0,,10,236,MStg09.ANM,
game4.msg,34,0x000021CB,dialogue,88,2,,44,236,嗚‧嗚‧修斯王子是個邪惡的混蛋，我恨死他了！,Boo hoo... Prince Sius is an evil bastard. I hate him.
game40.msg,0,0x00000031,dialogue,1,3,,60,236,這座木屋矗立在這條靜靜的路上，一道上鎖的木門隔絕我的好奇心！,"This wooden house stands on the quiet road, and a locked wooden door shuts out my curiosity."
game40.msg,1,0x0000012E,dialogue,1,6,,94,236,當我踏入這陳舊紛亂的屋內，除了這盆散發出淡淡香味的翠綠植物刺激我的嗅覺之外，其它一無特殊之處！,"Stepping into this old, disordered room, nothing stands out except a pot of green plants giving off a faint scent that catches my nose."
game40.msg,5,0x00000522,command,0,0,,10,236,MStg41.ANM,
game41.msg,0,0x00000031,dialogue,9,0,,190,236,這棵枯樹的樹幹上有個半圓形的裂縫，裡面有一張文字卷軸靜靜地躺著，它在這裡不知經過了多少歲月！我小心翼翼地翻開既將斷裂的內頁裏面寫著：單旋律聖歌‧‧遍體鱗傷，心如鐵石，掙脫枷索，重見天日‧‧‧,"A half-round crack in this dead trunk holds a scroll, lying who knows how long. I ease open the crumbling page: Monody... Body torn, heart of iron, break the chains, see the light..."
game41.msg,1,0x0000012E,dialogue,1,0,,90,236,這裡有著堆積如山的大象遺骸，空氣中迷漫著一股腐爛的氣息，四散的落葉稀稀作響，有如吟唱悲歌！,"Elephant remains are piled up here like a mountain, and the air is thick with rot. Fallen leaves rustle all around, like the singing of a lament."
game41.msg,2,0x0000022B,dialogue,9,4,,14,236,這是你的工作？,This is your work?
game41.msg,3,0x00000328,dialogue,65,5,,58,236,我殺死大象鋸下象牙，然後賣給出價收購的人，這就是我的工作。,"I kill elephants, saw off the tusks, and sell them to whoever pays. That's my work."
game41.msg,4,0x00000425,dialogue,1,0D,,28,236,你有什麼權利決定牠們的生死？,What right do you have to decide whether they live or die?
game41.msg,5,0x00000522,dialogue,65,12,,10,236,少管閒事！,Mind your own business.
game41.msg,6,0x0000061F,dialogue,65,0,,54,236,只要有人有需要，有人肯出錢，就算是獵人頭我也照做不誤！,"As long as someone needs it and someone pays, I'd hunt heads just the same."
game41.msg,7,0x0000071C,dialogue,1,9,,16,236,我非教訓你不可！,You need to be taught a lesson.
game41.msg,8,0x00000819,dialogue,65,0A,,18,236,來啊！來試試看啊！,Come on then. Try it.
game41.msg,9,0x00000916,dialogue,1,0,,188,236,看著這具死在我刀下的獵人，冰冷的軀體倒臥在血泊裡，一把銀白色的鑰匙在沾滿鮮紅色的土地上顯的特別刺眼，我撿起鑰匙，不禁感到茫然‧‧我有權利決定他的生死嗎？如果他該死，哈曼奴的每個人也該死‧‧,"The hunter lies dead by my blade, cold in a pool of blood. A silver key on the red ground catches my eye. I pick it up and feel lost... If he deserved death, so does all Hamanu..."
game41.msg,10,0x00000A13,dialogue,1,0C,,26,236,哼！大象都死光你也失業了！,Hah. When the elephants are gone you'll be out of work too.
game41.msg,11,0x00000B10,dialogue,65,0,,10,236,請勿說教！,Spare me the sermon.
game41.msg,14,0x00000E07,command,0,3,,10,236,MStg22.ANM,
game41.msg,16,0x00001001,command,0,0,,10,236,MStg23.ANM,
game41.msg,17,0x000010FE,command,0,0,,10,236,MStg32.ANM,
game41.msg,18,0x000011FB,command,0,0,,10,236,MStg33.ANM,
game45.msg,0,0x00000031,dialogue,0,2,,150,236,這兒就是深具娛樂氣息的嘉露城，城內的舞韻歌劇院極富盛名，每到表演的時候常常吸引許多貴族有錢人來此欣賞歌舞，你們該不會也是來看大腿舞？一張門票要五千圓！,"This is Jialu City, full of entertainment. The Rhapsody Opera House here is famous, and shows draw nobles and rich men. You aren't here for the leg-dancing too? A ticket is 5000 gold."
game45.msg,1,0x0000012E,dialogue,1,3,,10,236,這麼貴啊！,That's expensive.
game45.msg,2,0x0000022B,dialogue,0,0,,28,236,你們也不像是付得起錢的樣子！,You don't look like people who could pay it either.
game45.msg,3,0x00000328,dialogue,65,5,,30,236,我等待著‧‧等待著他能明瞭‧‧,I'm waiting... waiting for him to understand...
game45.msg,4,0x00000425,dialogue,1,6,,10,236,明瞭什麼？,Understand what?
game45.msg,5,0x00000522,dialogue,65,7,,12,236,不要傷害我！,Don't hurt me.
game45.msg,6,0x0000061F,dialogue,9,8,,12,236,是誰傷害妳？,Who is hurting you?
game45.msg,7,0x0000071C,dialogue,65,9,,126,236,我不能說‧‧他好可怕！我曾親眼見到他在我面前活生生地將一隻鴨子變成石雕‧‧他說只要我敢離開‧下場就如同這隻鴨子‧‧我該回家了！,"I can't say... he's terrifying. I watched him turn a live duck into stone right in front of me... He said if I dared leave, I'd end up like that duck... I should go home."
game45.msg,8,0x00000819,dialogue,1,0A,,18,236,這是怎麼回事？？？,What is going on here???
game45.msg,9,0x00000916,dialogue,9,0,,18,236,她似乎活在恐懼中！,She seems to be living in fear.
game45.msg,10,0x00000A13,dialogue,0C,0,,78,236,石化是很可怕的狀況！身體的水份完全喪失，既使是救活了，剩下的也只是短暫的生命。,"Petrification is a terrible thing. The body loses all its water, and even if you save someone, what's left is a short life."
game45.msg,11,0x00000B10,dialogue,65,0D,,20,236,你為什麼不肯放過我？,Why won't you let me go?
game45.msg,12,0x00000C0D,dialogue,66,0E,,22,236,我擁有了，就不會放棄！,"What I have, I don't give up."
game45.msg,13,0x00000D0A,dialogue,65,0F,,30,236,我得到什麼？你給我的只是黑暗！,And what have I got? All you've given me is darkness.
game45.msg,14,0x00000E07,dialogue,66,10,,100,236,我愛妳，我要無時無刻地看著妳‧‧甜心，拭去妳眼角的淚水！我對妳的真摯情感竟被視為黑暗，真是令我難過！,"I love you, I want to look at you every moment... Sweetheart, wipe the tears from your eyes. That you call my true feeling darkness truly grieves me."
game45.msg,15,0x00000F04,dialogue,65,11,,28,236,這不是愛！你使愛蒙上陰影‧‧,This isn't love. You've cast a shadow over love...
game45.msg,16,0x00001001,dialogue,66,0,,50,236,妳若是敢離開我‧‧妳將會成為一座完美無暇的藝術品！,If you dare leave me... you'll become a flawless work of art.
game45.msg,17,0x000010FE,dialogue,1,13,,10,236,你放了她！,Let her go.
game45.msg,18,0x000011FB,dialogue,66,14,,96,236,你憑什麼叫我放了我老婆？這是我的家務事用不著你們這群陌生人管閒事！你們再不滾出去的話別怪我翻臉！,What gives you the right to tell me to let my own wife go? This is a family matter and no business of you strangers. Get out now or don't blame me for what follows.
game45.msg,19,0x000012F8,dialogue,65,0,,58,236,你們快走‧‧聽我的話趕快走‧‧不要再來了！千萬不要再來了！,"Go, quickly... listen to me and go... Don't come back. Whatever you do, don't come back."
game45.msg,20,0x000013F5,dialogue,66,0,,104,236,這位小姐，你的氣色告訴我‧‧噩運既將到來！不過幸虧妳遇到我，因為我的法力高強可以為妳消災解禍，妳願意嗎？,"Miss, your complexion tells me... disaster is on its way. Luckily you've met me, for my powers are strong and I can drive the trouble off. Will you let me?"
game45.msg,21,0x000014F2,dialogue,9,0,,14,236,大師請救救我！,"Master, please save me."
game45.msg,22,0x000015EF,dialogue,66,0,,28,236,請隨我入內！其他人不得進來。,Come inside with me. Nobody else may enter.
game45.msg,23,0x000016EC,dialogue,66,0,,44,236,請將衣服脫掉，我在床上等著妳‧‧是我的神床！,Take off your clothes. I'll be waiting on the bed... my sacred bed.
game45.msg,24,0x000017E9,dialogue,9,1A,,26,236,我‧我‧我一定要這麼做嗎？,I... I... do I really have to do this?
game45.msg,25,0x000018E6,dialogue,66,1B,,62,236,對！而且要一絲不掛，不要害羞！因為我也光溜溜，這都是為了妳好。,"Yes. And not a stitch on. Don't be shy, since I'll be bare too. It's all for your own good."
game45.msg,26,0x000019E3,dialogue,9,1C,,16,236,大師，會很久嗎？,"Master, will this take long?"
game45.msg,27,0x00001AE0,dialogue,66,0,,22,236,這要看我的身體狀況‧‧,That depends on the state of my body...
game45.msg,28,0x00001BDD,dialogue,9,1E,,56,236,大師‧‧你‧這‧是‧在做法嗎？好像‧是在‧做‧做‧哎呦！,Master... is... this... really a rite? It feels... more like... you're... ow.
game45.msg,29,0x00001CDA,dialogue,66,0,,62,236,這‧這‧是不得已的‧‧我‧我‧必需‧將‧‧神水‧注入妳的體內！,It... it... can't be helped... I... I... have to... put the... sacred water into your body.
game45.msg,30,0x00001DD7,dialogue,1,20,,18,236,他是如何為妳做法？,How did he perform the rite on you?
game45.msg,31,0x00001ED4,dialogue,9,0,,18,236,沒‧沒‧沒有什麼！,No... no... nothing at all.
game45.msg,32,0x00001FD1,dialogue,9,22,,20,236,生死有命，何必做法！,Life and death are fated. Why bother with rites?
game45.msg,33,0x000020CE,dialogue,66,0,,12,236,唉！真可惜。,Ah. What a shame.
game45.msg,35,0x000022C8,dialogue,66,0,,28,236,為妳消災解禍，令我沒齒難忘！,Driving off your misfortune is something I'll never forget.
game45.msg,38,0x000025BF,command,0,15,,10,236,MStg24.ANM,
game45.msg,39,0x000026BC,command,0,0,,10,236,MStg25.ANM,
game45.msg,40,0x000027B9,command,0,0,,10,236,MStg26.ANM,
game45.msg,43,0x00002AB0,command,0,2D,,10,236,MStg74.ANM,
game45.msg,45,0x00002CAA,command,0,0,,10,236,MStg75.ANM,
game45.msg,47,0x00002EA4,dialogue,1,0,,14,236,我們先出去吧！,Let's get out of here first.
game45.msg,48,0x00002FA1,dialogue,6B,0,,30,236,歡迎光臨本旅店，客倌有何貴幹？,"Welcome to our inn. What can I do for you, sir?"
game45.msg,49,0x0000309E,dialogue,6B,0,,32,236,哦！休息只要２０，客倌有確定嗎？,"Oh. A rest is only 20. Are you sure, sir?"
game45.msg,51,0x00003298,dialogue,6B,35,,18,236,希望客倌有個好夢！,"I hope you have good dreams, sir."
game45.msg,53,0x00003492,dialogue,6B,0,,20,236,希望客倌再度光臨本店,"I hope you'll visit our inn again, sir"
game45.msg,54,0x0000358F,dialogue,6B,0,,24,236,對不起！客倌您的錢不夠！,"I'm sorry, sir, you don't have enough money."
game46.msg,0,0x00000031,dialogue,1,2,,24,236,妳的婚姻似乎不怎麼美滿！,Your marriage doesn't seem a happy one.
game46.msg,1,0x0000012E,dialogue,65,3,,76,236,我是阿蓮，謝謝你的關心！我對未來早已不抱任何的希望‧‧日出日落又有什麼意義？,I'm Lian. Thank you for your concern. I gave up hope for the future long ago... What does another sunrise and sunset mean?
game46.msg,2,0x0000022B,dialogue,1,4,,46,236,他很愛妳，不是嗎？到底是什麼原因令妳如此絕望？,"He loves you, doesn't he? What has left you so hopeless?"
game46.msg,3,0x00000328,dialogue,65,5,,184,236,那個人是下流的騙子！他用巧取豪奪的手段佔有我‧‧結婚之後我的痛苦與日俱增，他的情緒非常的不穩定，每天，我小心翼翼地看著他的臉色‧‧看錯的話，一頓毒打是免不了的！他的可惡還不僅止於此‧‧,That man is a filthy liar. He took me by trickery and force. After the wedding my pain grew daily. Read his face wrong and a beating follows. And there is worse...
game46.msg,4,0x00000425,dialogue,1,6,,8,236,怎麼說？,How so?
game46.msg,5,0x00000522,dialogue,65,7,,112,236,他是個算命師，藉著那張嘴騙財騙色，我也是受害者之一！但是，相形之下我比其它的受害者可憐多了，我賠上一生的幸福‧‧,"He's a fortune teller, and with that mouth he cheats people out of money and out of their bodies. I'm one of his victims, and the most pitiful. I paid with a life's happiness..."
game46.msg,6,0x0000061F,dialogue,9,8,,58,236,妳為什麼要嫁給她？現在妳何不走的遠遠的，再也不要回到這裡？,Why did you marry him? Why not go far away now and never come back here?
game46.msg,7,0x0000071C,dialogue,65,9,,192,236,我懷孕了！不知道該高興還是悲傷‧‧我流產了！我當然想走，這是個揮之不去的念頭！可是我不敢逃走，他曾警告過我離開他會有什麼樣的結果，他說就算妳跑到天涯海角，我照樣把妳變成石頭！我相信他做的到‧‧,"I was pregnant. Glad or grieving, I never knew... Then I lost it. Of course I want to leave, but I daren't. He said even at the world's end he would turn me to stone."
game46.msg,8,0x00000819,dialogue,1,0A,,40,236,你不要忘記他是個騙子，這不過又是個謊言！,Don't forget he's a fraud. This is just one more lie.
game46.msg,9,0x00000916,dialogue,65,0B,,138,236,他有個祭堂，他的石化能力，就是從那而來，所以，這並不是謊言！雖然我並不知道那祭堂的確切地點，如果你們能找出祭堂摧毀它，我想，我就能離開他！,"He has a shrine, and his power to petrify comes from there, so it isn't a lie. I don't know where the shrine is, but if you could find it and destroy it, I think I could leave him."
game46.msg,10,0x00000A13,dialogue,1,0,,36,236,只要我能找到，我一定將祭堂化為瓦礫！,"If I can find it, I'll leave that shrine in rubble."
game46.msg,11,0x00000B10,dialogue,65,0,,30,236,受人之托，忠人之事！你了解嗎？,"When a man is entrusted with something, he sees it through. You understand?"
game46.msg,12,0x00000C0D,dialogue,65,0,,36,236,因為你們的幫助，使我的生命重燃希望！,"Because of your help, hope has been lit in my life again."
game46.msg,13,0x00000D0A,dialogue,1,0F,,22,236,嫁雞隨雞，嫁狗隨狗‧‧,"Marry a chicken, follow the chicken. Marry a dog, follow the dog..."
game46.msg,14,0x00000E07,dialogue,65,0,,32,236,謝謝你的侮辱，我的確是嫁給畜牲！,Thank you for the insult. I did indeed marry an animal.
game46.msg,15,0x00000F04,dialogue,65,0,,18,236,無知的女人真悲哀！,An ignorant woman is a sad thing.
game46.msg,16,0x00001001,dialogue,0,0,,92,236,豔陽高照，我興奮的大叫‧‧日夜盼望的夢想成真，再也沒有比這更美好的事情，凡妮拉對我露出笑容！,The sun blazed down and I shouted for joy... The dream I longed for day and night came true. Nothing could be better than this. Vanilla smiled at me.
game46.msg,17,0x000010FE,dialogue,0,0,,38,236,嘉露城到處都是罪惡，生活中充斥著墮落！,"Jialu City is full of sin from end to end, and daily life here is steeped in corruption."
game46.msg,18,0x000011FB,dialogue,0,0,,38,236,這裡沒有值得歌頌的事物，何必在此流連？,There's nothing here worth singing about. Why linger?
game46.msg,19,0x000012F8,mixed,1,0,,10,236,xxxxxxxxxx,xxxxxxxxxx
game46.msg,20,0x000013F5,dialogue,67,16,,176,236,我是癟三雄，哈‧‧哈！我有支陰影銅環，它蘊含的神力量絕對令你稱奇，不過，它附有可怕的詛咒，只要你害死一個人詛咒就會消失，犧牲一條該死的人命，卻能換得這麼有用的物品，何樂而不為？,"I'm Xiong the Bum, ha... ha. I have a Shadow Bronze Ring, and its power will amaze you. But it carries a curse. Kill one person and the curse lifts. One life that deserves it. Why not?"
game46.msg,21,0x000014F2,dialogue,1,17,,20,236,快告訴我該要怎麼做？,"Tell me quickly, what do I have to do?"
game46.msg,22,0x000015EF,dialogue,67,18,,188,236,‧‧想要獲得，就必須先付出！想當初我也是叱吒嘉露城的一條好漢，只是，好景不常在，好花不常開，自從城內竄起一個叫極惡大鼎的無賴‧‧搶我地盤，殺我兄弟，唉！我的往日雄風轉眼間成為昨日黃花‧‧‧,"...To gain, you must first give. Once I shook Jialu City, but good times never last. Since a lowlife called Dading the Vicious took my ground and killed my men, my glory has wilted..."
game46.msg,23,0x000016EC,dialogue,1,19,,54,236,你不用在緬懷過去了！快告訴我該怎麼消除陰影銅環的詛咒？,Spare me the memories. Tell me how to lift the curse on the Shadow Bronze Ring.
game46.msg,24,0x000017E9,dialogue,67,0,,104,236,潛入極惡大鼎的臥房，趁他睡覺時將陰影銅環套入他的手腕，他會永遠的進入夢鄉，而我對他的怨恨就當做過往雲煙！,"Slip into Dading the Vicious's bedroom, and while he sleeps put the Shadow Bronze Ring on his wrist. He'll sleep forever, and my hatred of him will drift away like cloud."
game46.msg,25,0x000018E6,dialogue,67,0,,30,236,幹掉他了嗎？我希望他快點死掉！,Have you finished him? I want him dead soon.
game46.msg,26,0x000019E3,dialogue,67,0,,110,236,我的心腹大患再也無法猖狂！他的手下都是庸才，我癟三雄向各位致上最大的敬意！現在該是招募弟兄，重整旗鼓的時候了。,The thorn in my side can never run wild again. His men are all useless. Xiong the Bum salutes you with the deepest respect. Now it's time to gather the brothers and rebuild.
game46.msg,27,0x00001AE0,dialogue,1,1D,,24,236,聽你所言，何不自己動手？,"From the sound of it, why not do it yourself?"
game46.msg,28,0x00001BDD,dialogue,67,1E,,64,236,我的手下全都死了，只剩下我！我親自動手豈不是自投羅網，自尋死路！,"My men are all dead, only I'm left. If I went myself I'd be walking into the net, straight to my own death."
game46.msg,29,0x00001CDA,dialogue,1,1F,,38,236,狗咬狗滿嘴毛！我不會介入你的是是非非。,"Dog biting dog, mouths full of fur. I won't get into your quarrels."
game46.msg,30,0x00001DD7,dialogue,67,0,,20,236,唉！虎落平陽被犬欺。,Ah. A tiger on the flat is bullied by dogs.
game46.msg,31,0x00001ED4,dialogue,0,0,,74,236,嘉露城的黑龜幫老大極惡大鼎懸賞兩萬圓徵求特殊工作人員，意者親洽，解困保密！,"Dading the Vicious, boss of Jialu City's Black Turtle Gang, offers twenty thousand gold for special staff. Apply in person, troubles solved, silence guaranteed."
game46.msg,32,0x00001FD1,dialogue,0,0,,128,236,癟三雄活該！以前極惡大鼎勢單力薄之時，為了求生存，曾向癟三雄提出一套有利的合作計劃，可是癟三雄非要大小通吃，結果落得今天的下場！,"Xiong the Bum got what he deserved. Back when Dading the Vicious was weak and fighting to survive, he offered Xiong a good deal, but Xiong wanted to swallow it all. This is where it got him."
game46.msg,33,0x000020CE,dialogue,0,0,,32,236,我們大哥做人講義氣，兩肋肯插刀！,Our boss stands by his people. He'd take a blade in the ribs for you.
game46.msg,34,0x000021CB,dialogue,0,24,,18,236,嗚‧‧嗚！好難過！,Boo... hoo. It hurts so much.
game46.msg,35,0x000022C8,dialogue,0,0,,10,236,我要報仇！,I want revenge.
game46.msg,36,0x000023C5,dialogue,0,0,,32,236,我們大哥待人重感情，福利頂呱呱！,"Our boss cares about his people, and the benefits are first rate."
game46.msg,37,0x000024C2,dialogue,0,27,,18,236,嗚‧‧嗚！好痛苦！,Boo... hoo. The pain of it.
game46.msg,38,0x000025BF,dialogue,0,0,,10,236,我要洩恨！,I want to make them pay.
game46.msg,39,0x000026BC,dialogue,0,0,,32,236,我們大哥辦事講效率，心狠又手辣！,"Our boss gets things done. Hard heart, harder hands."
game46.msg,40,0x000027B9,dialogue,0,2A,,18,236,嗚‧‧嗚！好傷心！,Boo... hoo. I'm so sad.
game46.msg,41,0x000028B6,dialogue,0,0,,18,236,我要離開這傷心地！,I want to leave this place of sorrow.
game46.msg,42,0x000029B3,dialogue,0,0,,32,236,我們大哥交友真四海，喝酒不囉唆！,"Our boss makes friends everywhere, and never argues over a drink."
game46.msg,43,0x00002AB0,dialogue,0,2D,,20,236,嗚乎哀哉！大哥死了！,Alas and alack. The boss is dead.
game46.msg,44,0x00002BAD,dialogue,0,2E,,30,236,我一定要宰了害死我大哥的混帳！,I'll kill whoever did the boss in.
game46.msg,45,0x00002CAA,dialogue,1,0,,28,236,心中的低語‧‧‧就在你眼前！,The whisper in your heart... is right in front of you.
game46.msg,46,0x00002DA7,dialogue,68,30,,64,236,我是林大鼎，別人都叫我極惡大鼎！我只是普通人，不過詭計多端而已！,"I'm Lin Dading. Everyone calls me Dading the Vicious. I'm only an ordinary man, just one with a lot of tricks."
game46.msg,47,0x00002EA4,dialogue,1,0,,26,236,幸會！幸會！我也是普通人。,"A pleasure, truly. I'm an ordinary man too."
game46.msg,48,0x00002FA1,dialogue,1,32,,70,236,聽說你在應徵特殊工作人員，到底是什麼性質的工作，能使你付這麼大筆的錢？,"I hear you're hiring special staff. What sort of work is it, that you'd pay that much money?"
game46.msg,49,0x0000309E,dialogue,68,33,,68,236,我不會滿足你的好奇心！除非你決定接受這份工作，認同你所能獲得的報償。,I won't be satisfying your curiosity. Not unless you decide to take the job and accept what you'd be paid for it.
game46.msg,50,0x0000319B,dialogue,1,34,,54,236,你必須先滿足我的好奇心之後我才能決定是否接受這份工作！,You'll have to satisfy my curiosity first. Then I'll decide whether to take the job.
game46.msg,51,0x00003298,dialogue,68,0,,26,236,竟然跟黑道談條件！滾出去！,Setting terms with the underworld. Get out.
game46.msg,52,0x00003395,dialogue,68,0,,32,236,改變主意了嗎？想做這份工作了嗎？,Changed your mind? Ready to do the job now?
game46.msg,53,0x00003492,dialogue,1,37,,30,236,是，請告訴我要怎麼賺這兩萬圓！,Yes. Tell me how I earn that twenty thousand.
game46.msg,54,0x0000358F,dialogue,68,38,,84,236,聽說我的死對頭眼中釘癟三雄，有個叫做陰影銅環的寶物，去把它給我偷來，兩萬圓就是你的。,"I hear my sworn enemy, that thorn in my eye Xiong the Bum, has a treasure called the Shadow Bronze Ring. Go and steal it for me, and the twenty thousand is yours."
game46.msg,55,0x0000368C,dialogue,1,0,,18,236,我會想辦法弄到手！,I'll find a way to get hold of it.
game46.msg,56,0x00003789,dialogue,68,3A,,24,236,東西沒找到，別回來見我！,Don't come back to me without it.
game46.msg,57,0x00003886,dialogue,68,0,,48,236,你這個蠢蛋，我不是告訴過你沒找到就不要回來見我！,"You idiot, didn't I tell you not to come back to me without it?"
game46.msg,58,0x00003983,dialogue,68,3C,,154,236,沒錯，這就是陰影銅環！我認為人生的痛苦就是看著喜歡的東西而無法獲得！欲望是生存的動力，我為了達到目的可以不擇手段，這是我靈魂深處的特質，我以我的特質為榮！,"That's right, this is the Shadow Bronze Ring. The pain of life is seeing what you want and never getting it. Desire drives us. I'll use any means to my ends, and I'm proud of it."
game46.msg,59,0x00003A80,dialogue,1,3D,,20,236,我不該與魔鬼打交道！,I shouldn't have dealt with the devil.
game46.msg,60,0x00003B7D,dialogue,68,3E,,78,236,你看我像是相信魔鬼的人嗎？傳說中的魔鬼享受血肉之軀，你享受我付給你的高昂報酬！,Do I look like a man who believes in devils? The devil in the tales enjoys flesh and blood. You enjoy the fat sum I'm paying you.
game46.msg,61,0x00003C7A,dialogue,1,0,,24,236,你享受你的，我享受我的！,"You enjoy yours, I'll enjoy mine."
game46.msg,62,0x00003D77,dialogue,68,0,,36,236,享受完了嗎？我的胃口很大，欲望無窮！,Finished enjoying it? My appetite is large and my desires have no end.
game46.msg,63,0x00003E74,dialogue,1,41,,30,236,你是壞人！我媽媽說不能做壞事！,You're a bad man. My mother says you mustn't do bad things.
game46.msg,64,0x00003F71,dialogue,68,42,,74,236,乖孩子，希望你這一生都不要做壞事！哈‧‧哈！尿床也不可以，你真他媽的幼稚！,Good boy. I hope you never do a bad thing your whole life. Ha... ha. No wetting the bed either. You're so damn childish.
game46.msg,65,0x0000406E,dialogue,1,43,,28,236,你行為卑鄙，天生一付爛嘴巴！,Your conduct is vile and you were born with a filthy mouth.
game46.msg,66,0x0000416B,dialogue,68,44,,78,236,我從死亡之谷踏著遍地鮮血尋找出口，我並不畏懼死亡，因為我是山谷中最卑鄙的混蛋！,"I walked out of the valley of death over ground soaked in blood, looking for the way out. I don't fear death, because I'm the vilest bastard in that valley."
game46.msg,67,0x00004268,dialogue,9,0,,28,236,卑鄙的混蛋，死亡也不會怕你！,"A bastard as vile as you, and death won't fear you either."
game46.msg,68,0x00004365,dialogue,68,0,,54,236,離開我的視線，不要讓我注意到你的存在，上天有好生之德！,Get out of my sight. Don't let me notice you exist. Heaven values life.
game46.msg,69,0x00004462,dialogue,1,0,,20,236,我到底要不要害死他？,Should I kill him or not?
game46.msg,70,0x0000455F,dialogue,1,0,,28,236,反正你做惡多端，死有於辜！  ,"You've done so much evil, you deserve to die anyway."
game46.msg,71,0x0000465C,dialogue,1,62,,54,236,雖然他不它是什麼好人，但是我殺了他也對不起自己的良心！,"He may be no good man, but killing him would weigh on my own conscience."
game46.msg,72,0x00004759,dialogue,0,0,,64,236,先生小姐歡迎光臨舞韻歌劇院！門票一張五千圓，十八歲以下禁止入內！,"Welcome to the Rhapsody Opera House, sir, madam. A ticket is five thousand gold, and nobody under eighteen may enter."
game46.msg,73,0x00004856,dialogue,1,0,,6,236,買了！,I'll buy one.
game46.msg,74,0x00004953,dialogue,1,0,,10,236,我買不起！,I can't afford it.
game46.msg,75,0x00004A50,dialogue,0,4D,,12,236,你喜歡什麼？,What do you like?
game46.msg,76,0x00004B4D,dialogue,1,4E,,18,236,很多！你喜歡什麼？,Plenty of things. What do you like?
game46.msg,77,0x00004C4A,dialogue,0,4F,,6,236,沒有！,Nothing.
game46.msg,78,0x00004D47,dialogue,1,50,,10,236,你很空虛！,You're very empty.
game46.msg,79,0x00004E44,dialogue,0,0,,16,236,多精緻的空虛啊！,What an exquisite emptiness it is.
game46.msg,80,0x00004F41,dialogue,0,52,,114,236,我朋友的小孩死了，他一點難過的樣子都沒有，我問他你為什麼不難過？他說我本來是沒有小孩的，現在不過又回到沒有的時候。,"A friend of mine lost his child, and showed no grief at all. I asked him why he wasn't sad. He said, I had no child before, and now I've simply gone back to having none."
game46.msg,81,0x0000503E,dialogue,9,53,,18,236,這個故事不盡合理。,That story doesn't quite hold together.
game46.msg,82,0x0000513B,dialogue,0,0,,66,236,這不是故事，這是生活中的真人實事！沒有所求的人生是最禁的起打擊的。,"It isn't a story, it's real life. A life that asks for nothing can take any blow."
game46.msg,84,0x00005335,dialogue,0,0,,20,236,對不起，你的錢不夠！,"I'm sorry, you don't have enough money."
game46.msg,88,0x00005729,command,0,5A,,10,236,MStg76.ANM,
game46.msg,94,0x00005D17,dialogue,0,0,,12,236,得到陰影銅環,Obtained the Shadow Bronze Ring
game46.msg,95,0x00005E14,command,0,0,,10,236,MStg77.ANM,
game46.msg,100,0x00006305,dialogue,6B,0,,36,236,我這兒有你需要的藥品，儘管看，儘管挑,"I have the medicines you need here. Look all you like, take your pick"
game46.msg,101,0x00006402,placeholder,6B,0,ＥＦ,18,236,你需要的Ｅ只有賣Ｆ,The one you need sells for:  Ｅ - Ｆ
game46.msg,102,0x000064FF,placeholder,6B,0,ＥＦ,16,236,你擁有的Ｅ只賣Ｆ,I will let that one go for:  Ｅ - Ｆ
game46.msg,103,0x000065FC,dialogue,6A,0,,38,236,在嘉露城買武器就要找我，儘管看，儘管挑,"For weapons in Jialu City I'm the one to see. Look all you like, take your pick"
game46.msg,104,0x000066F9,placeholder,6A,0,ＥＦ,24,236,客人真是好眼光，Ｅ只賣Ｆ,"A fine eye, sir. The price:  Ｅ - Ｆ"
game46.msg,105,0x000067F6,placeholder,6A,0,ＥＦ,14,236,你這Ｅ只能賣Ｆ,That of yours will only fetch:  Ｅ - Ｆ
game46.msg,108,0x00006AED,dialogue,1,0,,18,236,是否給他陰影銅環？,Give him the Shadow Bronze Ring?
game47.msg,0,0x00000031,dialogue,0,0,,64,236,先生小姐歡迎光臨舞韻歌劇院！門票一張五千圓，十八歲以下禁止入內！,"Welcome to the Rhapsody Opera House, sir, madam. A ticket is five thousand gold, and nobody under eighteen may enter."
game47.msg,2,0x0000022B,dialogue,0,4,,4,236,請進,Please go in
game47.msg,4,0x00000425,dialogue,1,0,,10,236,我買不起！,I can't afford it.
game47.msg,5,0x00000522,dialogue,0,7,,12,236,你喜歡什麼？,What do you like?
game47.msg,6,0x0000061F,dialogue,1,8,,18,236,很多！你喜歡什麼？,Plenty of things. What do you like?
game47.msg,7,0x0000071C,dialogue,0,9,,6,236,沒有！,Nothing.
game47.msg,8,0x00000819,dialogue,1,0A,,10,236,你很空虛！,You're very empty.
game47.msg,9,0x00000916,dialogue,0,0,,16,236,多精緻的空虛啊！,What an exquisite emptiness it is.
game48.msg,0,0x00000031,dialogue,0,2,,66,236,你絕不會知道明天會發生什麼事！來吧，盡情地放縱自己，為今天歡呼吧！,"You'll never know what tomorrow brings. Come, let yourself go completely, and cheer for today."
game48.msg,1,0x0000012E,dialogue,0,0,,110,236,別在意星期一的憂鬱，星期二的灰暗，星期三的沮喪，星期四我的心情愉悅，星期五墜入愛河，星期六等待著星期日的到來！,"Never mind Monday's gloom, Tuesday's grey, Wednesday's low. Thursday I'm in good spirits, Friday I fall in love, Saturday I wait for Sunday to come."
game48.msg,2,0x0000022B,dialogue,1,4,,156,236,環顧四週，低俗的品味觸目可及，肉麻當有趣的放浪笑聲四處飄璗，我美麗的母親曾告訴我：醜人多作怪！話雖然傷人，在此卻相映成趣！然而，這幅圖畫替我的感官披上彩衣。,"Cheap taste everywhere I look, loose laughter drifting, crude passed off as fun. My mother said: ugly people make the most fuss. Cruel, but it fits here. This scene colours my senses."
game48.msg,4,0x00000425,dialogue,1,6,,16,236,是誰在跟我說話？,Who's speaking to me?
game48.msg,5,0x00000522,dialogue,69,7,,18,236,你眼前完美的傑作！,The perfect work of art in front of you.
game48.msg,6,0x0000061F,dialogue,9,8,,26,236,天啊！這副畫竟然會說話‧‧,My god. This painting is talking...
game48.msg,7,0x0000071C,dialogue,1,9,,16,236,這會不會是錯覺？,Could it be we're imagining it?
game48.msg,8,0x00000819,dialogue,69,0A,,150,236,不！這是你甜蜜嚮往的幻夢！我望著黃昏雲朵消失無法描繪，我付出生命做我的畫布，完美無暇是我五彩繽紛的執著，浪漫優雅舞動華麗身影，我‧‧欣然等待世界末日！,"No. This is the sweet dream you long for. I watched dusk clouds vanish beyond painting. I gave my life to be my canvas, flawlessness my obsession. I wait gladly for the world's end."
game48.msg,9,0x00000916,dialogue,1,0B,,24,236,世界末日對你有什麼好處？,What good does the end of the world do you?
game48.msg,10,0x00000A13,dialogue,69,0C,,152,236,舞韻歌劇院有太多的醜陋，虛偽與做作！這對我的敏銳感觸形同折磨，追求真善美的無形軀體陷入水深火熱，我要逃離這羞恥的束縛，掙脫這陰沈的枷索，但我卻無計可施。,"The Rhapsody Opera House holds so much ugliness, falseness and pretence. To my sharp feeling it is torture. I want out of this shameful binding, this dark chain, but I have no means."
game48.msg,11,0x00000B10,dialogue,1,0D,,48,236,妳恐怕已經不是人了！妳為什麼被禁錮在這幅圖畫裡？,I'm afraid you aren't human any more. Why are you imprisoned in this painting?
game48.msg,12,0x00000C0D,dialogue,69,0,,190,236,我剛剛已經說過了！這是我用生命繪製的完美作品，當它完成之時，也是我喪命之日，我的魂魄眷戀著這幅圖畫，我要永遠陪伴著它，日復一日我終於與我的圖畫合而為一，但物換星移使我想離開了，你能幫助我嗎？,"I said it already. This perfect work I painted with my life, and the day it was done was the day I died. My spirit clung to it until we became one. But now I want to leave. Help me?"
game48.msg,13,0x00000D0A,dialogue,1,0F,,28,236,我願意幫助妳，但我該怎麼做？,"I'm willing to help you, but what do I do?"
game48.msg,14,0x00000E07,dialogue,69,0,,94,236,找到拯救亡靈符交給我，我會送給你一幅珍藏已久的畫冊‧‧未見箴圖做為答謝，我的希望就托付給你了！,"Find the Soul Rescue Charm and bring it to me, and I'll give you a painting album I've long treasured... the Unseen Admonition, as my thanks. My hope rests with you."
game48.msg,15,0x00000F04,dialogue,69,0,,32,236,我能否脫離這痛苦的環境就靠你了！,Whether I escape this misery depends on you.
game48.msg,16,0x00001001,dialogue,69,12,,42,236,這就是我要的拯救亡靈符，請你收下我的謝禮！,This is the Soul Rescue Charm I wanted. Please accept my thanks.
game48.msg,17,0x000010FE,dialogue,1,0,,20,236,敬鬼神而遠之，再見！,"Respect ghosts and spirits, and keep your distance. Goodbye."
game48.msg,18,0x000011FB,dialogue,0,14,,96,236,我有個愛人，她令我深深地迷戀，我覺的黑暗她揮灑色彩，我感到絕望她付出希望，這是第一次我感受到愛！,"I have a lover, and she holds me deeply. Where I felt darkness she spread colour, where I despaired she gave hope. It was the first time I felt love."
game48.msg,19,0x000012F8,dialogue,0,15,,98,236,我有個哥哥，當我徬徨無助時他從不吝惜關懷，我走在崎嶇的路上他總是在我身邊，這是第一次我感受到溫暖！,"I have an older brother. When I was lost and helpless he never withheld his care, and when the road turned rough he was always beside me. It was the first time I felt warmth."
game48.msg,20,0x000013F5,dialogue,0,0,,174,236,我的父親是個有錢人，他穿著昂貴的大衣，給我進入財富之門的鑰匙，他告訴我：我有一大片的土地，美侖美奐的豪宅，我的臉上永遠掛著得意的笑容，我越過長廊走到屋外，將鑰匙丟的遠遠地‧‧,"My father is a rich man in an expensive coat, and he gave me the key to wealth. He said: I have vast land, a fine mansion, a proud smile always. I walked out and threw the key away..."
game48.msg,24,0x000017E9,dialogue,69,5,,22,236,你認為你眼前的畫美嗎？,Do you find the painting in front of you beautiful?
game5.msg,0,0x00000031,dialogue,76,0,,32,236,強者的壓迫不因弱者的痛苦而束手！,The strong don't stay their hand because the weak are suffering.
game5.msg,1,0x0000012E,dialogue,6A,0,,20,236,誰可以照亮我的生命？,Who can light up my life?
game5.msg,2,0x0000022B,dialogue,68,0,,44,236,有人說愛情是盲目的，我是個瞎子卻得不到愛情！,They say love is blind. I'm the blind one and love is what I can't get.
game5.msg,3,0x00000328,dialogue,65,0,,76,236,雖然我很窮，並不覺得痛苦，因為國家已經替我安排好我的未來！我用不著胡思亂想！,"I'm poor, but I don't feel it as suffering, because the country has already arranged my future. I have no need to think for myself."
game5.msg,4,0x00000425,dialogue,0,0,,20,236,你想知道這個王朝嗎？,Do you want to know about this dynasty?
game5.msg,5,0x00000522,dialogue,0,7,,190,236,帕伐摩羅在一次陰謀中奪取政權，他了解人民的力量是可怕的，他不希望這股力量成為妨礙到他掌控權力的禍害，因此他頒佈階級制序大憲章，聯合既得利益者壓迫貧苦百姓，在階級對立中彼此制衡，互相削弱力量。,"Pafa Moro seized power by plot. Fearing the people's strength, he issued the Great Charter of Rank and Order, joining the privileged to grind down the poor and set class against class."
game5.msg,6,0x0000061F,dialogue,1,0,,38,236,這老頭子是罪魁，那些個高貴人士是禍首！,"That old man is the root of the crime, and those noble gentlemen are the cause of the disaster."
game5.msg,7,0x0000071C,dialogue,0,0,,20,236,謝謝！我並不想知道。,No thanks. I'd rather not know.
game5.msg,8,0x00000819,dialogue,7C,0A,,126,236,從我的祖父到我，身上流著同樣的血液，忍受著同樣的辛酸！我是個一身都是病的廢人，卻也逃不過命運的束縛，給我一把刀，讓我自我了斷！,"From my grandfather down to me, the same blood, the same bitterness. I'm a broken man full of disease, and even I can't escape what fate binds me to. Give me a knife and let me end it."
game5.msg,9,0x00000916,dialogue,1,0,,44,236,我不能這麼做！若是有更好的方法，我會幫忙的！,"I can't do that. If there's a better way, I'll help."
game5.msg,10,0x00000A13,dialogue,0,0,,34,236,我只想填飽肚子，叫我做什麼都願意！,I only want a full stomach. Ask me to do anything and I'll do it.
game5.msg,11,0x00000B10,dialogue,0,0,,32,236,我很喜歡出風頭，現在的感覺真好！,I love being the centre of attention. This feels wonderful.
game5.msg,12,0x00000C0D,dialogue,0,0,,32,236,有錢人睡臥金床，而我，站在這裡！,"Rich men sleep in beds of gold, and I stand here."
game5.msg,13,0x00000D0A,dialogue,7D,11,,134,236,各位鄉親父老兄弟姐妹們，府上若是有骯髒粗重的工作沒有適當的人選可以替您分憂解勞，來找我就對了，我這裡有價格低廉體健耐操的奴隸供您使喚！,"Neighbours, elders, brothers and sisters. If there is dirty heavy work at home and nobody to take the load off you, come to me. I have cheap, healthy, hard-wearing slaves to command."
game5.msg,14,0x00000E07,dialogue,7D,0,,106,236,小兄弟！有需要奴隸嗎？那個瘦巴巴的最便宜只要三百！我剛剛看到你們兩個竊竊私語，所以算你三百，兩頭羊也可以！,"Young man. Need a slave? That skinny one is cheapest, only three hundred. I saw you two whispering just now, so I'll make it three hundred. Two sheep will do as well."
game5.msg,15,0x00000F04,dialogue,1,0,,20,236,我買不起，也沒必要！,"I can't afford it, and I don't need one."
game5.msg,16,0x00001001,dialogue,7D,0,,30,236,去！去！去！不要浪費我的時間！,"Go on, get away. Don't waste my time."
game5.msg,17,0x000010FE,dialogue,1,0,,28,236,我旺盛的同情心令我無法拒絕！,My sympathy runs too strong to refuse.
game5.msg,18,0x000011FB,dialogue,7C,14,,38,236,原來這就是你的幫助‧‧還是要我做奴隸！,So this is your help... you still want me for a slave.
game5.msg,19,0x000012F8,dialogue,1,15,,28,236,不！你自由了！我不需要奴隸。,No. You're free. I don't need a slave.
game5.msg,20,0x000013F5,dialogue,7C,16,,138,236,我寧可去做乞丐，也不願做奴隸，對我來說自由的意義更尊嚴可貴‧‧我們素昧平生，你卻願意解囊相助，所以我想這個餐盒送給你留做紀念，希望你收下。,"I'd rather beg than be a slave. Freedom has more dignity... We're strangers, and still you opened your purse for me, so take this picnic box as a keepsake. Please."
game5.msg,21,0x000014F2,dialogue,1,17,,38,236,你不是說要去做乞丐嗎？餐盒你留著用吧！,Didn't you say you were going to beg? Keep the box and use it yourself.
game5.msg,22,0x000015EF,dialogue,7C,0,,56,236,裡面有雞腿、酒及美女圖！這是奴隸販子給的，它比不過自由！,"There's a chicken leg inside, and wine, and a picture of a beautiful woman. The slaver gave it to me. It's worth nothing next to freedom."
game5.msg,23,0x000016EC,dialogue,1,1A,,14,236,那我就收下了！,Then I'll take it.
game5.msg,24,0x000017E9,dialogue,1,1A,,18,236,你的好意我心領了。,"I'll accept the thought behind it, that's enough."
game5.msg,25,0x000018E6,dialogue,7C,0,,22,236,我會永遠記的你的恩德！,I'll remember your kindness always.
game5.msg,26,0x000019E3,dialogue,0,0,,64,236,聽說在城的西邊樹林裡，可以聽到神的聲音，卻沒有人找的到那處地方。,"They say you can hear the voice of god in the woods west of the city, but nobody has ever found the place."
game5.msg,27,0x00001AE0,dialogue,0,0,,18,236,想聽一件無聊事嗎？,Want to hear something dull?
game5.msg,28,0x00001BDD,dialogue,0,1E,,156,236,還記得那天奴隸販子帶了一名非常美麗的女子來此販賣，他只接受叫價最高的買主，碰巧修斯王子正好經過，對於她的容貌驚為天人，不但替她贖身，還給她一筆錢回鄉過日子。,"I remember the day a slaver brought a beautiful woman here to sell to the highest bidder. Prince Sius passed by, struck by her beauty, bought her freedom and gave her money to go home."
game5.msg,29,0x00001CDA,dialogue,1,1F,,20,236,修斯王子是個好人嗎？,Is Prince Sius a good man?
game5.msg,30,0x00001DD7,dialogue,0,20,,8,236,你說呢？,You tell me.
game5.msg,31,0x00001ED4,dialogue,1,0,,26,236,如果你愛某人就讓她自由吧！,"If you love someone, set her free."
game5.msg,32,0x00001FD1,dialogue,1,0,,12,236,我想不必了！,I don't think I need to.
game5.msg,33,0x000020CE,dialogue,0,23,,42,236,兩頭羊就可以換一個奴隸，對我來說真是便宜！,"Two sheep buys one slave. That's cheap, as far as I'm concerned."
game5.msg,34,0x000021CB,dialogue,1,24,,42,236,一個人可以換兩頭羊，對羊來說實在是太便宜！,"One person for two sheep. That's far too cheap, as far as the sheep are concerned."
game5.msg,35,0x000022C8,dialogue,0,0,,24,236,你是在告訴我要愛護動物？,Are you telling me to be kind to animals?
game5.msg,36,0x000023C5,dialogue,6E,0,,42,236,城內就數我這兒的東西最齊全，儘管看，儘管挑,"Nobody in the city has a fuller stock than mine. Look all you like, take your pick"
game5.msg,37,0x000024C2,placeholder,6E,0,ＥＦ,24,236,客人真是好眼光，Ｅ只賣Ｆ,"A fine eye, sir. The price:  Ｅ - Ｆ"
game5.msg,38,0x000025BF,placeholder,6E,0,ＥＦ,14,236,你這Ｅ只能賣Ｆ,That of yours can only fetch:  Ｅ - Ｆ
game5.msg,39,0x000026BC,dialogue,72,0,,32,236,這兒的東西最齊全，儘管看，儘管挑,"The fullest stock anywhere here. Look all you like, take your pick"
game5.msg,40,0x000027B9,placeholder,72,0,ＥＦ,24,236,客人真是好眼光，Ｅ只賣Ｆ,"A fine eye, sir. The price:  Ｅ - Ｆ"
game5.msg,41,0x000028B6,placeholder,72,0,ＥＦ,14,236,你這Ｅ只能賣Ｆ,That of yours can only fetch:  Ｅ - Ｆ
game5.msg,43,0x00002AB0,command,0,0,,10,236,MStg04.ANM,
game5.msg,44,0x00002BAD,command,0,0,,10,236,MStg05.ANM,
game50.msg,0,0x00000031,dialogue,0,2,,24,236,唉‧‧我至死還受人操縱！,Ah... even in death I'm still worked like a puppet.
game50.msg,1,0x0000012E,dialogue,1,3,,8,236,為什麼？,Why?
game50.msg,2,0x0000022B,dialogue,0,4,,50,236,悲慘的故事才剛剛開始‧‧我死去的人生卻結束不了‧‧,The miserable story has only just begun... and my dead life can't come to an end...
game50.msg,3,0x00000328,dialogue,1,5,,22,236,到底是什麼悲慘的故事？,What miserable story?
game50.msg,4,0x00000425,dialogue,0,6,,128,236,我原是住在德佳古村的居民，前陣子村裡流行瘟疫，每個人都死了，如果說我死後該下地獄我無話可說，但我卻到了一個比地獄更痛苦的地方‧‧,"I used to live in Dejia Old Town. A plague went through and everyone died. If I deserved hell after death I'd have nothing to say, but I ended up somewhere worse than hell..."
game50.msg,5,0x00000522,dialogue,1,7,,44,236,你認識一位叫洛莎的婦女嗎？你死後又到了那裡？,Do you know a woman called Rosa? And where did you go after you died?
game50.msg,6,0x0000061F,dialogue,0,8,,194,236,我不認識這位婦女！它說：我不散播陽光，不散播愛，只散播死亡的種子，因為我是製造病毒的大玩家‧‧瘟疫使者！就是它害死我們村人，只因為它需要奴隸及私人軍隊，為了這個理由，我們就成為滿足它私心的祭品！,"I don't know her. It said: I spread no love, only seeds of death, for I make plagues... the Envoy of Pestilence. It killed our village for slaves and an army. We were its offering."
game50.msg,7,0x0000071C,dialogue,1,9,,56,236,聽到這個消息使我心亂如麻！媽，你可不要待在德佳古才好‧‧,"Hearing this leaves my mind in knots. Mother, I hope you didn't stay in Dejia..."
game50.msg,8,0x00000819,dialogue,9,0A,,46,236,先不要想這麼多！說不定你母親並沒有留在德佳古。,Don't think too far ahead. Your mother may not have stayed in Dejia at all.
game50.msg,9,0x00000916,dialogue,0C,0B,,26,236,穿過這片森林就是德佳古了。,"Once we are through this forest, we reach Dejia Old Town."
game50.msg,10,0x00000A13,dialogue,1,0,,74,236,當一個人沒有血沒有肉沒有五臟六腑，剩下的也只是白骨一堆還有‧‧古銅幣一枚。,"When a man has no blood, no flesh, no organs, all that is left is a pile of white bones and... one old bronze coin."
game50.msg,12,0x00000C0D,command,0,0,,10,236,MStg78.ANM,
game51.msg,0,0x00000031,dialogue,65,2,,32,236,年輕人！我的冤魂不散，四處游移！,Young man! My wronged spirit will not rest. It drifts everywhere.
game51.msg,1,0x0000012E,dialogue,1,3,,8,236,為什麼？,Why?
game51.msg,2,0x0000022B,dialogue,65,4,,106,236,我是德佳古村的村長艾德，我與全村的居民都死於瘟疫，而造成這場悲劇的劊子手就是瘟疫使者這個喪盡天良的惡魔‧‧,"I am Ed, village chief of Dejia Old Town. My people and I all died of the plague, and the butcher behind it was that heartless demon, the Envoy of Pestilence..."
game51.msg,3,0x00000328,dialogue,1,5,,30,236,村長你知道一位叫洛莎的婦女嗎？,"Chief, did you know a woman called Rosa?"
game51.msg,4,0x00000425,dialogue,65,6,,44,236,我認識！她在我家中幫佣，不過，她也難逃一劫！,I did! She was a servant in my house. But she could not escape it either.
game51.msg,5,0x00000522,dialogue,3,7,,70,236,嗚‧‧媽‧‧媽‧‧命運的無情使我們生離死別！我發誓，我一定要討回公道！,Ugh... Mother... Mother... Fate was cruel enough to part us for good. I swear I will see justice done!
game51.msg,6,0x0000061F,dialogue,65,8,,34,236,原來你是洛莎的兒子，她時常提起你。,So you are Rosa's son. She spoke of you often.
game51.msg,7,0x0000071C,dialogue,1,9,,42,236,‧‧‧村長！你知道要怎樣才能找到瘟疫使者？,...Chief! Do you know how I can find the Envoy of Pestilence?
game51.msg,8,0x00000819,dialogue,65,19,,114,236,它就藏身在這片森林的某處，詳細的地點我並不清楚，我想你母親一定不願意你去做一些危害到自身安全的事情，或許你會幫助我,"It hides somewhere in this forest, though I do not know where. Your mother would not want you risking your life. Perhaps you could help me instead."
game51.msg,9,0x00000916,dialogue,1,0B,,18,236,如果我有找到的話！,If I happen to find one!
game51.msg,10,0x00000A13,dialogue,65,0,,46,236,麻煩你了！有了拯救亡靈符我再也不用做孤魂野鬼。,I am in your debt. With the Soul Rescue Charm I will not have to wander as a lost ghost.
game51.msg,11,0x00000B10,dialogue,65,0D,,34,236,小兄弟！找到了嗎？我有迫切的需要！,Young man! Have you found it? My need is urgent.
game51.msg,12,0x00000C0D,dialogue,65,0,,48,236,拜託你不要漫無目的的閒晃，救人一命勝造七級浮屠！,Please do not just wander about aimlessly. Saving one life is worth more than a lifetime of good deeds.
game51.msg,13,0x00000D0A,dialogue,65,0F,,154,236,我脫離苦海了！現在我告訴你我家中保險箱鑰匙藏於何處，鑰匙就放在我的屍體裡，在德佳古有一棟最大的屋子那就是我的家，你可以找到我的屍體，保險箱就在我的房間裡。,"I am free of my torment! Now I'll tell you where my safe key is hidden. It is inside my corpse. The biggest house in Dejia is mine. You'll find my body there, and the safe in my room."
game51.msg,14,0x00000E07,dialogue,1,18,,28,236,希望你下輩子能有個幸福人生！,I hope you get a happy life in the next one.
game51.msg,15,0x00000F04,dialogue,1,11,,144,236,你可曾擔心瘟疫使者是否還會繼續為害人間？你對自己的關心遠超過對人世間的關懷，你以為有錢就可以獲得一切，我看不出來還有什麼人比你更適合做孤魂野鬼！,Have you once worried whether the Envoy of Pestilence still preys on the world? You care only for yourself and think money buys all. No one better suits being a lost ghost.
game51.msg,16,0x00001001,dialogue,65,0,,38,236,你也不要以為只要有正義感就可獲得一切！,And do not think a sense of justice buys everything either!
game51.msg,22,0x000015EF,command,0,0,,10,236,MStg34.ANM,
game51.msg,23,0x000016EC,command,0,0,,10,236,MStg35.ANM,
game51.msg,24,0x000017E9,dialogue,65,0,,48,236,我需要拯救亡靈符使我早日投胎，以我的財產做為答謝,I need the Soul Rescue Charm so I can be reborn soon. My fortune is yours as thanks.
game53.msg,1,0x0000012E,dialogue,0,3,,46,236,勇士彫像寫著：帶著我的裝備，讓我看到你的心意！,"The warrior statue reads: bring me my gear, and let me see what is in your heart."
game53.msg,3,0x00000328,dialogue,0,13,,18,236,很好，我就是要錢！,Good. Money is exactly what I want.
game53.msg,4,0x00000425,dialogue,0,0,,10,236,找到再來！,Come back when you have found it!
game53.msg,5,0x00000522,dialogue,0,0,,10,236,我已有錢！,I already have money!
game53.msg,7,0x0000071C,dialogue,0,9,,38,236,這一匹死馬只剩下骨架，因為它爛的該死！,"This dead horse is nothing but a frame of bones, because it was rotten as hell."
game53.msg,9,0x00000916,dialogue,0,13,,16,236,對了，就是弓弩！,That is it. The crossbow!
game53.msg,10,0x00000A13,dialogue,0,0,,14,236,找到再來見我！,Find it and come back to me!
game53.msg,11,0x00000B10,dialogue,0,0,,12,236,我已有弓弩！,I already have a crossbow!
game53.msg,13,0x00000D0A,dialogue,0,0F,,38,236,這一匹死馬只剩下軀體，因為它笨的該死！,"This dead horse is nothing but a carcass, because it was stupid as hell."
game53.msg,15,0x00000F04,dialogue,0,13,,16,236,對了，就是盾牌！,That is it. The shield!
game53.msg,16,0x00001001,dialogue,0,0,,14,236,找到再來見我！,Find it and come back to me!
game53.msg,17,0x000010FE,dialogue,0,0,,12,236,我已有盾牌！,I already have a shield!
game54.msg,0,0x00000031,dialogue,0,2,,48,236,這棵大樹矗立在路口，它的樹枝如同難得一見的材質！,This great tree stands at the crossroads. Its branches look like a material you rarely ever see.
game55.msg,0,0x00000031,dialogue,65,2,,42,236,我的領域怎麼會有活人的氣息？你們是來找死！,How is there the scent of the living in my domain? You have come here to die!
game55.msg,1,0x0000012E,dialogue,1,3,,84,236,你為了私慾害死包含我母親在內的所有德佳古的居民，你就算被我砍死一萬次也無法洗淨罪孽！,"For your own greed you killed everyone in Dejia, my mother among them. Cutting you down ten thousand times would not wash that guilt away!"
game55.msg,2,0x0000022B,dialogue,65,5,,34,236,既然你報仇心切，那麼我就陪你玩玩！,"Since you are so eager for revenge, I will play along."
game55.msg,3,0x00000328,dialogue,65,5,,67,236,你們竟然毀了我的五骨大將‧‧我若是不替它們報仇，我做老大的臉往那癒I,"You actually destroyed my Five Bone Generals... If I do not avenge them, how do I show my face as their boss?"
game55.msg,4,0x00000425,dialogue,1,0,,28,236,來吧，今天不是你死就是我亡！,Come on. Today one of us dies!
game55.msg,5,0x00000522,dialogue,65,7,,120,236,我‧雖‧‧然打敗了，但‧‧但是‧我的師兄痛苦使者‧會‧會替我報‧報仇的‧‧他會帶來更多的血腥‧‧你們拭‧目‧以‧待‧‧。,"I... have... lost, but... but my elder brother, the Envoy of Pain... will... will avenge me... he will bring far more blood... just... wait... and... see..."
game55.msg,6,0x0000061F,dialogue,1,0,,22,236,正好我也要找那個懦夫。,Good. That coward is the next one I am after.
game55.msg,7,0x0000071C,dialogue,0,0,,8,236,鐵鑰匙！,An iron key!
game55.msg,8,0x00000819,dialogue,0,0,,20,236,這個箱子裡放有命石。,There is a Life Stone in this chest.
game55.msg,10,0x00000A13,command,0,0,,10,236,MonB3A.ANM,
game57.msg,0,0x00000031,dialogue,3,2,,168,236,媽！都是我不好，都是我惹出來的麻煩！只因為我一時的好奇使那麼多的人喪命，在我這一生中，終將承受無止盡的良心煎熬！嗚‧嗚‧媽！我會為自己的行為負責，縱然付出生命也不後悔！,"Mother! This is all my fault, all my doing! One moment of curiosity cost so many lives. I'll carry that guilt all my life. Ugh... ugh... Mother! I'll answer for it, even with my life."
game57.msg,1,0x0000012E,dialogue,9,3,,18,236,讓伯母入土為安吧！,Let us lay your mother to rest.
game57.msg,2,0x0000022B,dialogue,3,0,,30,236,嗚‧嗚‧‧我母親生前說要火葬！,Ugh... ugh... My mother said while she lived that she wanted to be cremated.
game57.msg,3,0x00000328,dialogue,3,0,,66,236,媽！從今以後，我再也沒有親人了‧‧您若地下有知，讓我與父親相見‧‧,"Mother! From now on I have no family left... If you can hear me down there, let me find my father..."
game57.msg,6,0x0000061F,command,0,0,,10,236,MStg37.ANM,
game57.msg,7,0x0000071C,dialogue,0,0,,14,236,找到金銀鑰匙。,Found the gold and silver key.
game57.msg,8,0x00000819,dialogue,0,0,,14,236,得到祭文之杖。,Obtained the staff of rites.
game57.msg,9,0x00000916,dialogue,0,0,,14,236,找到古銅鑰匙。,Found the old bronze key.
game57.msg,10,0x00000A13,command,0,0,,10,236,MStg36.ANM,
game58.msg,0,0x00000031,dialogue,1,2,,90,236,這裡就是德佳古了‧‧當一個人明瞭未來可能發生的事情之後，所有的痛苦情緒也已面臨爆發的時刻！,"So this is Dejia... Once a man understands what may be coming, all the pain in him reaches the point of bursting out."
game58.msg,1,0x0000012E,dialogue,9,3,,26,236,整座村子已經成為人間地獄！,The whole village has become a hell on earth.
game58.msg,2,0x0000022B,dialogue,0C,0,,60,236,我一直認為魔鬼只是人們心中的幻想，然而，它們竟真實地存在著！,"I always thought devils were only something people imagined. And yet here they are, real."
game58.msg,3,0x00000328,dialogue,1,0,,12,236,一顆紅寶石。,A ruby.
game58.msg,4,0x00000425,dialogue,65,0,,116,236,小兄弟‧‧快‧快‧救救我‧‧我染上‧瘟疫‧恐怕命在旦夕‧聽說在碎冥墓穴裡有把銀匕首‧‧能夠醫治瘟疫‧你們願意幫我嗎？,Young man... please... save me... I caught the plague... I may not last the day... They say a silver dagger in the Shattered Gloom Crypt can cure it... will you help me?
game58.msg,5,0x00000522,dialogue,1,7,,32,236,你撐著點，我們馬上就去找銀匕首！,Hold on. We will go and find the silver dagger right now!
game58.msg,6,0x0000061F,dialogue,65,8,,158,236,過了村外的針織橋向北走就可見到一片山壁，找到石頭基座將祭文之杖插上，就可打開入口，那兒是貴族墳場，必須有祭文之杖才能進入，此杖在村長家中可以找到，一切拜託了！,Cross the Needlework Bridge outside the village and go north to a cliff. Set the staff of rites in the stone base to open the nobles' graveyard. The staff is in the chief's house.
game58.msg,7,0x0000071C,dialogue,1,0,,22,236,你放心，我們會盡力的！,Do not worry. We will do all we can.
game58.msg,8,0x00000819,dialogue,65,0A,,40,236,找到銀匕首了嗎？我並不怕死，只是不甘心！,"Have you found the silver dagger? I am not afraid to die, I just cannot accept it."
game58.msg,9,0x00000916,dialogue,65,0,,26,236,小兄弟，不要讓我死不瞑目！,"Young man, do not let me die with regrets."
game58.msg,10,0x00000A13,dialogue,65,19,,116,236,你們找到銀匕首了，只要在我身上劃一刀，體內的毒氣就會被吸收，呼‧呼‧好多了！謝謝你們的救命之恩，不知道你們要去那裡？,You found the silver dagger. One cut on my body and the poison inside will be drawn out. Hah... hah... much better. Thank you for saving my life. Where are you headed?
game58.msg,11,0x00000B10,dialogue,1,0D,,66,236,這個世界已經成為惡魔的樂園，我們要摧毀這座樂園，這就是我們的目的！,This world has become a playground for demons. We mean to destroy that playground. That is our purpose.
game58.msg,12,0x00000C0D,dialogue,65,0,,54,236,我是武士，掃除邪惡，行俠仗義是我的信念！讓我加入你們？,I am a warrior. Sweeping away evil and standing up for the weak is what I believe in. Let me join you.
game58.msg,13,0x00000D0A,dialogue,1,0F,,28,236,太好了，我們又多了一份力量！,Excellent. That is one more sword on our side.
game58.msg,14,0x00000E07,placeholder,65,18,Ｃ,24,236,我是Ｃ，很高興認識你們！,I am Ｃ. Glad to meet you all.
game58.msg,15,0x00000F04,dialogue,1,1A,,38,236,你的身體才剛剛復原，還是安心療養較好！,Your body has only just recovered. You would do better to rest.
game58.msg,16,0x00001001,dialogue,65,11,,76,236,兄弟既然無意讓我加入，那麼‧後會有期！謝謝你們的救命之恩，今生今世永不忘懷！,"If you do not want me along, then... until we meet again. Thank you for saving my life. I will never forget it."
game58.msg,17,0x000010FE,dialogue,1,1A,,14,236,再見，請保重！,Goodbye. Take care.
game58.msg,18,0x000011FB,dialogue,1,14,,34,236,你已病入膏肓，恐怕緩不濟急，告辭！,You are too far gone. Nothing would come in time. Farewell.
game58.msg,19,0x000012F8,dialogue,65,15,,22,236,見死不救，你於心何安！,You would watch a man die and do nothing. How can you live with that?
game58.msg,20,0x000013F5,dialogue,1,1D,,16,236,很遺憾，他死了！,It is a shame. He is dead.
game58.msg,23,0x000016EC,command,0,0,,10,236,Mstg43.ANM,
game58.msg,24,0x000017E9,command,0,0C,,10,236,Mstg44.ANM,
game58.msg,25,0x000018E6,command,0,0,,10,236,Mstg45.ANM,
game58.msg,28,0x00001BDD,command,0,0,,10,236,Mstg46.ANM,
game58.msg,29,0x00001CDA,command,0,0,,10,236,Mstg47.ANM,
game58.msg,30,0x00001DD7,dialogue,0,0,,16,236,隊伍是否要休息？,Does the party want to rest?
game59.msg,5,0x00000522,dialogue,1,0,,14,236,我沒有祭文之杖,I do not have the staff of rites
game6.msg,0,0x00000031,dialogue,65,2,,28,236,不要打擾我！沒時間跟你打屁！,Do not bother me. I have no time to shoot the breeze with you.
game6.msg,1,0x0000012E,dialogue,1,3,,14,236,但是我有時間。,But I have time.
game6.msg,2,0x0000022B,dialogue,65,4,,36,236,既然你有時間，何不做些有意義的事情？,"If you have time, why not do something worthwhile with it?"
game6.msg,3,0x00000328,dialogue,1,5,,12,236,何謂有意義？,Such as?
game6.msg,4,0x00000425,dialogue,65,0,,50,236,我是化妝師莉莉，我的化粧箱掉了，你能幫我找找看嗎？,I am Lily the makeup artist. My vanity case is missing. Could you help me look for it?
game6.msg,5,0x00000522,dialogue,1,7,,12,236,我願意幫你。,I will help you.
game6.msg,6,0x0000061F,dialogue,65,0,,40,236,當我在西城食堂吃完飯，化粧箱就不翼而飛！,"I finished my meal at the west city canteen, and the vanity case had vanished."
game6.msg,7,0x0000071C,dialogue,1,9,,28,236,對這種無聊的事情我不感興趣！,I have no interest in such a trivial matter.
game6.msg,8,0x00000819,dialogue,65,0,,20,236,算了！拉倒！別理我！,Forget it! Drop it! Leave me alone.
game6.msg,9,0x00000916,dialogue,65,13,,30,236,謝謝你找到我的化粧箱，跟我來！,Thank you for finding my vanity case. Come with me.
game6.msg,10,0x00000A13,dialogue,65,0C,,18,236,這一套護甲送給你！,This suit of armor is yours.
game6.msg,11,0x00000B10,dialogue,1,0D,,22,236,謝謝！可是我並不需要！,Thank you! But I do not need it.
game6.msg,12,0x00000C0D,dialogue,65,0,,30,236,只要是男人就會有需要！想要嗎？,Every man needs it. Do you want it?
game6.msg,13,0x00000D0A,dialogue,1,0F,,20,236,妳在挑逗我的理智‧‧,You are tempting me past my better judgment...
game6.msg,14,0x00000E07,dialogue,65,14,,18,236,就像沙漠需要甘霖！,Like a desert needing rain.
game6.msg,15,0x00000F04,dialogue,1,11,,36,236,時候不早了，我要回家，謝謝妳的護甲！,"It is getting late, I should head home. Thank you for the armor."
game6.msg,16,0x00001001,dialogue,65,0,,14,236,你真是個木頭！,You really are a block of wood.
game6.msg,17,0x000010FE,dialogue,65,0,,22,236,你找到我的化粧箱了嗎？,Have you found my vanity case?
game6.msg,18,0x000011FB,command,0,0B,,10,236,MStg01.ANM,
game6.msg,19,0x000012F8,command,0,16,,10,236,MStg02.ANM,
game6.msg,20,0x000013F5,dialogue,1,0,,26,236,時候不早了，謝謝妳的護甲！,It is getting late. Thank you for the armor.
game6.msg,21,0x000014F2,dialogue,65,0,,18,236,你們男人都是一樣！,You men are all the same.
game6.msg,23,0x000016EC,command,0,0,,10,236,MStg03.ANM,
game6.msg,24,0x000017E9,dialogue,65,0,,18,236,你們男人都是一樣！,You men are all the same.
game60.msg,0,0x00000031,dialogue,65,2,,58,236,我被困在裡面已經一個月，老鼠肉也吃了一個月，從未見過你們。,"I have been trapped in here a month, eating rat meat for a month, and I have never seen you before."
game60.msg,1,0x0000012E,dialogue,1,3,,24,236,不，我們是剛剛才進來的。,"No, we only just came in."
game60.msg,2,0x0000022B,dialogue,65,4,,44,236,只有艾德村長才能進到此地，你們是如何進來的？,Only Chief Ed can get into this place. How did you get in?
game60.msg,3,0x00000328,dialogue,1,5,,46,236,我們用祭文之杖打開入口‧‧你進的來為何出不去？,"We opened the entrance with the staff of rites... You got in, so why can you not get out?"
game60.msg,4,0x00000425,dialogue,65,6,,50,236,我偷偷地跟著艾德進來，結果他出的去，我卻無路可走！,"I sneaked in behind Ed. He got out again, and I was left with nowhere to go."
game60.msg,5,0x00000522,dialogue,1,7,,18,236,你為什麼要到這裡？,Why did you come here?
game60.msg,6,0x0000061F,dialogue,65,0,,56,236,我們都是同行！你問的是什麼傻話‧‧難道你們不是來盜墓的？,We are in the same trade! What a foolish thing to ask... do not tell me you are not here to rob the graves?
game60.msg,7,0x0000071C,dialogue,1,9,,16,236,對，我們是同行！,"That is right, same trade."
game60.msg,8,0x00000819,dialogue,65,13,,96,236,看起來你們好像是新手，連鏟子都沒帶，為了謝謝你們打開出口，這鏟子送給你，希望你們滿載而歸，再見！,"You look like beginners, you did not even bring a shovel. For opening the way out, take this shovel. May you leave loaded down. Goodbye!"
game60.msg,9,0x00000916,dialogue,1,0B,,48,236,我不是來打擾這些死人的，我也不想拿這些金銀珠寶。,"I did not come to disturb these dead, and I do not want their gold and jewels."
game60.msg,10,0x00000A13,dialogue,65,13,,118,236,埋在這裡的死人都是貴族，這些陪葬品都是不義之財，你不拿，我拿！哈‧哈‧！謝謝你們打開出口，我再也不用吃老鼠肉了，再見！,"The dead buried here are all nobles, and the grave goods are all ill-gotten. If you won't take it, I will. Ha, ha! Thanks for opening the way out. No more rat meat. Goodbye!"
game60.msg,11,0x00000B10,dialogue,1,0,,73,236,這是一具價值不菲由象牙彫刻而成的骷禳A左眼鑲著藍寶石，右眼未鑲上任何東西。,This is a costly skull carved from ivory. A sapphire is set in the left eye. Nothing is set in the right.
game60.msg,12,0x00000C0D,dialogue,0,0,,11,236,恐懼的略禲I,%$#@*&
game60.msg,13,0x00000D0A,dialogue,1,0,,24,236,這座墓碑寫著：卡農一世。,The gravestone reads: Kanon the First.
game60.msg,14,0x00000E07,dialogue,1,0,,12,236,上鎖的棺材。,A locked coffin.
game60.msg,15,0x00000F04,dialogue,0,0,,14,236,找到臥房鑰匙。,Found the bedroom key.
game60.msg,16,0x00001001,dialogue,0,0,,10,236,解脫橄欖。,The olive of release.
game60.msg,18,0x000011FB,command,0,0,,10,236,MStg49.ANM,
game60.msg,20,0x000013F5,command,0,0,,10,236,MStg48.ANM,
game61.msg,0,0x00000031,dialogue,66,0,,102,236,你毀了我的哭牆！你知不知道那是我採集多少淚水所建造出來的？你知不知道那是多少人在臨死之前所流下的淚水？,You destroyed my wall of tears! Do you know how much weeping I gathered to build it? Do you know how many people shed those tears in their last moments?
game61.msg,1,0x0000012E,dialogue,66,3,,90,236,你們走吧！我告訴過自己當哭牆築好之後我便不再殺人取集淚水，今天你們卻要我違背我自己的誓言！,"Go, all of you. I told myself that once the wall was built I would kill no more to collect tears. Today you are making me break my own oath."
game61.msg,2,0x0000022B,dialogue,1,0,,26,236,今天，我要讓你流下淚水‧‧,Today I am going to make you shed a few tears yourself...
game61.msg,3,0x00000328,dialogue,0,0,,22,236,我在他身上找到銀匕首！,I found a silver dagger on him!
game61.msg,4,0x00000425,dialogue,0,0,,10,236,斑瀾文簡。,The Resplendent Slips.
game61.msg,6,0x0000061F,command,0,0,,10,236,MonB4A.ANM,
game61.msg,8,0x00000819,command,0,0,,10,236,MStg50.ANM,
game61.msg,12,0x00000C0D,dialogue,0,0,,10,236,取得銀匕首,Obtained the silver dagger
game62.msg,0,0x00000031,dialogue,6B,0,,24,236,這裡出人命了，禁止入內！,Someone was killed here. No entry.
game62.msg,1,0x0000012E,dialogue,6B,0,,18,236,閒雜人等趕快離開！,"Anyone with no business here, clear out."
game62.msg,5,0x00000522,command,0,0,,10,236,MStg59.ANM,
game63.msg,0,0x00000031,dialogue,67,0,,46,236,不准帶走這裡的每一件物品，貪心會惹來殺身之禍！,Do not take a single thing from this place. Greed will get you killed.
game63.msg,1,0x0000012E,dialogue,1,10,,18,236,我想這是個老鼠洞！,I think this is a rat hole.
game63.msg,2,0x0000022B,command,0,4,,10,236,MStg53.ANM,
game63.msg,3,0x00000328,command,1,5,,11,236,Map063a.DAT,
game63.msg,4,0x00000425,command,0,6,,10,236,MStg51.ANM,
game63.msg,5,0x00000522,command,1,11,,10,236,Map066.DAT,
game63.msg,6,0x0000061F,command,0,8,,10,236,MStg52.ANM,
game63.msg,7,0x0000071C,command,3,9,,10,236,Map063.DAT,
game63.msg,8,0x00000819,command,0,0A,,10,236,MStg56.ANM,
game63.msg,10,0x00000A13,dialogue,9,0C,,40,236,太好了！我們要不要把這個消息告訴他女兒？,Wonderful! Should we tell his daughter the news?
game63.msg,11,0x00000B10,dialogue,0C,0D,,44,236,就算要說也不能講實話，她好像蠻崇拜她父親的。,"Even if we tell her, we cannot tell her the truth. She seems to think the world of her father."
game63.msg,12,0x00000C0D,dialogue,1,0,,18,236,事情總算告一段落！,That is one thing settled at last.
game63.msg,14,0x00000E07,command,0,0,,10,236,MStg60.ANM,
game63.msg,18,0x000011FB,dialogue,1,0B,,24,236,我宰了嘉露城那個神棍了！,I killed that fraud of a holy man in Jialu City.
game65.msg,0,0x00000031,dialogue,0,0,,38,236,這座香爐刻著一行字：燒掉那邪惡的歌詞！,A line is carved on this censer: burn those wicked lyrics!
game65.msg,1,0x0000012E,dialogue,0,0,,40,236,這座香爐刻著一行字:你永遠聽著邪惡的歌曲!,A line is carved on this censer: you will listen to the wicked song forever!
game65.msg,2,0x0000022B,dialogue,68,4,,36,236,你為什麼找的到這裡？我看你有點眼熟？,How did you find your way here? You look somewhat familiar to me.
game65.msg,3,0x00000328,dialogue,4,5,,136,236,我在嘉露城見過你，你是個滿嘴謊話，騙財騙色的下流胚子‧‧你將你的女兒賣到妓院，你的老婆阿蓮跟著你過著拳打腳踢的生活，你今天恐怕劫數難逃！,"I saw you in Jialu City, a filthy liar who cheats people out of money and women... You sold your daughter to a brothel and your wife Lian lives under your fists. Your luck ends today!"
game65.msg,4,0x00000425,dialogue,68,6,,36,236,我若是帶著我的女兒，阿蓮不會嫁給我！,"If I had kept my daughter, Lian would never have married me."
game65.msg,5,0x00000522,dialogue,4,7,,36,236,你這個畜牲！為了女色罔顧骨肉親情‧‧,You animal! You threw away your own flesh and blood for a woman...
game65.msg,6,0x0000061F,dialogue,68,0,,48,236,廢話少說！這兒正好少了一尊石雕，就由你來完成吧！,"Enough talk. This place happens to be one stone statue short, and you are going to fill the gap."
game65.msg,7,0x0000071C,dialogue,68,0,,32,236,哈‧哈！好人不長命，禍害留千年！,"Ha, ha! The good die young and the wicked live a thousand years."
game65.msg,8,0x00000819,dialogue,68,0A,,20,236,為什麼我會喪失法力？,Why have I lost my powers?
game65.msg,9,0x00000916,dialogue,4,0,,8,236,去死吧！,Go to hell!
game65.msg,10,0x00000A13,dialogue,1,0,,14,236,我找到十萬圓！,I found a hundred thousand gold!
game65.msg,11,0x00000B10,dialogue,1,0,,10,236,變形藥水！,A transformation potion!
game65.msg,12,0x00000C0D,dialogue,0,0,,22,236,我怎麼進來就怎麼出去！,I leave the same way I came in.
game65.msg,15,0x00000F04,command,0,0,,10,236,MStg71.ANM,
game65.msg,16,0x00001001,command,0,12,,10,236,MStg72.ANM,
game65.msg,19,0x000012F8,command,0,0,,10,236,MStg73.ANM,
game65.msg,20,0x000013F5,command,0,0F,,10,236,MStg70.ANM,
game66.msg,0,0x00000031,dialogue,0,15,,38,236,這座香爐刻著一行字：燒掉那邪惡的歌詞！,A line is carved on this censer: burn those wicked lyrics!
game66.msg,1,0x0000012E,dialogue,0,0,,41,236,這座香爐刻著一行字：你永遠聽著邪惡的歌曲!,A line is carved on this censer: you will listen to the wicked song forever!
game66.msg,2,0x0000022B,dialogue,0,4,,136,236,我在嘉露城見過你，你是個滿嘴謊話，騙財騙色的下流胚子‧‧你將你的女兒賣到妓院，你的老婆阿蓮跟著你過著拳打腳踢的生活，你今天恐怕劫數難逃！,"I saw you in Jialu City, a filthy liar who cheats people out of money and women... You sold your daughter to a brothel and your wife Lian lives under your fists. Your luck ends today!"
game66.msg,3,0x00000328,dialogue,0,5,,36,236,我若是帶著我的女兒，阿蓮不會嫁給我！,"If I had kept my daughter, Lian would never have married me."
game66.msg,4,0x00000425,dialogue,0,6,,36,236,你這個畜牲！為了女色罔顧骨肉親情‧‧,You animal! You threw away your own flesh and blood for a woman...
game66.msg,5,0x00000522,dialogue,0,0,,48,236,廢話少說！這兒正好少了一尊石彫，就由你來完成吧！,"Enough talk. This place happens to be one stone carving short, and you are going to fill the gap."
game66.msg,6,0x0000061F,dialogue,0,0,,32,236,哈‧哈！好人不長命，禍害留千年！,"Ha, ha! The good die young and the wicked live a thousand years."
game66.msg,7,0x0000071C,dialogue,0,0,,20,236,為什麼我會喪失法力？,Why have I lost my powers?
game66.msg,8,0x00000819,dialogue,0,0,,8,236,去死吧！,Go to hell!
game66.msg,9,0x00000916,dialogue,0,0,,14,236,我找到十萬圓！,I found a hundred thousand gold!
game66.msg,10,0x00000A13,dialogue,0,0,,10,236,變形藥水！,A transformation potion!
game66.msg,11,0x00000B10,dialogue,0,0,,22,236,我怎麼進來就怎麼出去！,I leave the same way I came in.
game66.msg,12,0x00000C0D,dialogue,0,0E,,24,236,我宰了嘉露城那個神棍了！,I killed that fraud of a holy man in Jialu City.
game66.msg,13,0x00000D0A,dialogue,0,0F,,40,236,太好了！我們要不要把這個消息告訴他女兒？,Wonderful! Should we tell his daughter the news?
game66.msg,14,0x00000E07,dialogue,0,10,,44,236,就算要說也不能講實話，她好像蠻崇拜她父親的。,"Even if we tell her, we cannot tell her the truth. She seems to think the world of her father."
game66.msg,15,0x00000F04,dialogue,0,0,,18,236,事情總算告一段落！,That is one thing settled at last.
game66.msg,16,0x00001001,command,0,0,,10,236,MStg54.ANM,
game66.msg,18,0x000011FB,command,2,7,,11,236,Map063a.DAT,
game66.msg,20,0x000013F5,command,0,0,,10,236,MStg69.ANM,
game66.msg,22,0x000015EF,command,0,0,,10,236,MStg67.ANM,
game66.msg,23,0x000016EC,command,0,0,,10,236,MStg68.ANM,
game66.msg,25,0x000018E6,command,0,1B,,10,236,MStg55.ANM,
game67.msg,0,0x00000031,dialogue,66,2,,100,236,我是個貴族，閒來無事喜歡冒險，就在一個禮拜前我來到怖懼山洞，我不過是打開了一口箱子，一個穿黑衣服的人,"I am a nobleman, and in my idle hours I liked adventuring. A week ago I came to Dread Cavern. All I did was open a chest, and a man dressed in black"
game67.msg,1,0x0000012E,dialogue,66,3,,70,236,出現在我面前，他說：我會讓你求生不得，求死不能‧‧就像我現在的情況‧‧,appeared before me. He said: I will let you neither live nor die... just as I am now...
game67.msg,2,0x0000022B,dialogue,1,4,,34,236,我很同情你的遭遇，可是我幫不上忙！,"I feel for you, but there is nothing I can do to help."
game67.msg,3,0x00000328,dialogue,66,0,,58,236,你如果有解脫橄欖的話，我就能死去！也用不著再這麼痛苦了‧‧,"If you have an olive of release, then I could die. I would not have to suffer like this any longer..."
game67.msg,4,0x00000425,dialogue,66,6,,36,236,謝謝你！我做鬼也會報答你的‧‧啊‧‧,Thank you! I will repay you even as a ghost... Aah...
game67.msg,5,0x00000522,dialogue,1,0,,54,236,他死了‧‧我想我已經得到憐憫的答案了！那就是沒有答案！,He is dead... I think I have my answer about mercy. There is no answer.
game67.msg,6,0x0000061F,dialogue,66,0,,16,236,死不成，活不了！,I cannot die and I cannot live!
game68.msg,0,0x00000031,dialogue,0,2,,100,236,我是個貴族，閒來無事喜歡冒險，就在一個禮拜前我來到怖懼山洞，我不過是打開了一口箱子，一個穿黑衣服的人,"I am a nobleman, and in my idle hours I liked adventuring. A week ago I came to Dread Cavern. All I did was open a chest, and a man dressed in black"
game68.msg,1,0x0000012E,dialogue,0,3,,70,236,出現在我面前，他說：我會讓你求生不得，求死不能‧‧就像我現在的情況‧‧,appeared before me. He said: I will let you neither live nor die... just as I am now...
game68.msg,2,0x0000022B,dialogue,0,4,,34,236,我很同情你的遭遇，可是我幫不上忙！,"I feel for you, but there is nothing I can do to help."
game68.msg,3,0x00000328,dialogue,0,0,,58,236,你如果有解脫橄欖的話，我就能死去！也用不著再這麼痛苦了‧‧,"If you have an olive of release, then I could die. I would not have to suffer like this any longer..."
game68.msg,4,0x00000425,dialogue,0,6,,36,236,謝謝你！我做鬼也會報答你的‧‧啊‧‧,Thank you! I will repay you even as a ghost... Aah...
game68.msg,5,0x00000522,dialogue,0,0,,54,236,他死了‧‧我想我已經得到憐憫的答案了！那就是沒有答案！,He is dead... I think I have my answer about mercy. There is no answer.
game68.msg,6,0x0000061F,dialogue,0,0,,16,236,死不成，活不了！,I cannot die and I cannot live!
game68.msg,7,0x0000071C,dialogue,67,9,,74,236,剛剛死神與你們擦身而過，現在，他回來了！聽說你在碎冥墓穴殺了我的拜把兄弟？,Death brushed past you a moment ago. Now he is back. I hear you killed my sworn brother in the Shattered Gloom Crypt?
game68.msg,8,0x00000819,dialogue,1,0,,44,236,你的妖怪兄弟害死我母親及無辜的村民，他該死！,That monster of a brother of yours killed my mother and a whole village of innocent people. He deserved it!
game68.msg,9,0x00000916,dialogue,67,0B,,16,236,那我是不是妖怪？,Then am I a monster too?
game68.msg,10,0x00000A13,dialogue,1,0C,,6,236,沒錯！,That is right.
game68.msg,11,0x00000B10,dialogue,67,0,,14,236,還我二哥命來！,Give me back my brother's life!
game68.msg,12,0x00000C0D,dialogue,0,0,,18,236,你們兄弟又團聚了！,You brothers are together again.
game68.msg,13,0x00000D0A,dialogue,0,0,,14,236,這是雲雷風鼓。,This is the Cloud-Thunder Drum.
game68.msg,15,0x00000F04,command,0,0,,10,236,MonB5A.ANM,
game68.msg,16,0x00001001,dialogue,1,12,,18,236,你們兄弟又團聚了！,You brothers are together again.
game69.msg,0,0x00000031,dialogue,6A,2,,30,236,我老婆說：不可以跟陌生人說話。,My wife says I am not to talk to strangers.
game69.msg,1,0x0000012E,dialogue,1,3,,40,236,那就趕快回到老婆的身邊，外面都是陌生人！,Then hurry back to your wife. Everyone out here is a stranger.
game69.msg,2,0x0000022B,dialogue,6A,4,,42,236,我老婆若是見到我與陌生人說話，他會不高興。,"If my wife saw me talking to a stranger, she would be upset."
game69.msg,3,0x00000328,dialogue,1,8,,48,236,我不要跟你說話，我想跟你聊聊‧‧你住在這附近嗎？,"I do not want to talk to you, I want to chat with you... Do you live somewhere near here?"
game69.msg,4,0x00000425,dialogue,69,6,,48,236,親愛的！你為什麼與陌生人說話呢？走，我們回家去！,"Darling! Why are you talking to a stranger? Come, we are going home."
game69.msg,5,0x00000522,dialogue,1,7,,20,236,這位女士我想請問‧‧,"Madam, I wanted to ask you..."
game69.msg,6,0x0000061F,dialogue,69,0,,14,236,我們要回家了！,We are going home!
game69.msg,7,0x0000071C,command,0,9,,10,236,MStg62.ANM,
game69.msg,8,0x00000819,dialogue,1,0A,,18,236,這一對夫妻很古怪！,There is something very strange about that couple.
game69.msg,9,0x00000916,dialogue,9,0B,,14,236,這裡又是何處？,And where are we now?
game69.msg,10,0x00000A13,dialogue,1,0,,22,236,我覺得有必要追查下去！,I think we need to look into this.
game69.msg,13,0x00000D0A,command,0,0,,10,236,MStg61.ANM,
game7.msg,0,0x00000031,dialogue,1,2,,42,236,老婆婆妳怎麼了？是誰這樣對妳？我去找醫生！,"What happened to you, grandmother? Who did this? I will find a doctor!"
game7.msg,1,0x0000012E,dialogue,65,3,,86,236,不‧不用了，我想‧我‧撐不下去了！唉！我實在是於心不忍，那麼小的孩子要忍受那種折磨‧‧,"No... no need. I do not think... I can hold on. Ah! I could not bear it, a child that small having to suffer like that..."
game7.msg,2,0x0000022B,dialogue,1,4,,26,236,我經過樹林並沒有看到小孩。,I came through the woods and saw no child.
game7.msg,3,0x00000328,dialogue,65,5,,136,236,是我放了那孩子！只怪我太粗心了，我在解開繩子的時候，將黑皮書遺落在現場，衛兵憑著那本書找到我，我以為他們是要來還書，沒想到是來要我的命！,"I set that child free! My own carelessness: untying the ropes, I left the Black Book behind, and the guards used it to find me. I thought they came to return it. They came for my life."
game7.msg,4,0x00000425,dialogue,65,0,,70,236,啊‧‧啊！在我臨死之前請幫我一個忙，將這本書交給曼德拉‧‧謝‧謝‧你！,"Ah... ah! Before I die, do one thing for me. Take this book to Mandela... Thank... you."
game7.msg,5,0x00000522,dialogue,1,0,,136,236,老婆婆斷氣了！為什麼這些貴族及走狗和有錢人可以為所欲為？這本黑皮書到底在寫什麼呢？都是我看不懂的字。我還是先將老婆婆安葬，再去找曼德拉。,"She has stopped breathing. Why can these nobles and rich men do as they please? What does this Black Book say? I cannot read a word. I will bury her first, then find Mandela."
game7.msg,6,0x0000061F,dialogue,1,0,,16,236,老婆婆您安息吧！,"Rest in peace, grandmother."
game7.msg,11,0x00000B10,dialogue,66,0,,12,236,讓開！讓開！,Out of the way! Out of the way!
game7.msg,12,0x00000C0D,dialogue,1,0,,16,236,沒有禮貌的走狗！,Ill-mannered lackey.
game7.msg,13,0x00000D0A,command,0,0,,10,236,MStg07.ANM,
game7.msg,14,0x00000E07,command,0,0,,10,236,MStg08.ANM,
game70.msg,0,0x00000031,dialogue,1,0,,24,236,我應該稱呼妳‧‧狐狸精！,I should call you what you are... a fox spirit.
game70.msg,1,0x0000012E,dialogue,69,3,,12,236,你想怎麼樣？,What do you want?
game70.msg,2,0x0000022B,dialogue,1,4,,24,236,你的先生是人？還是狐狸？,"Is your husband a man, or a fox?"
game70.msg,3,0x00000328,dialogue,69,5,,45,236,我們井水不犯河水！你何必打擾我幸福的生活‧‧ ,We keep to ourselves and you keep to yours. Why must you disturb the happy life I have...
game70.msg,4,0x00000425,dialogue,1,6,,62,236,我想妳先生就是達斯！你知不知道他父親終日以淚洗臉就望著他回家？,"I believe your husband is Das. Do you know his father has wept every day, waiting for him to come home?"
game70.msg,5,0x00000522,dialogue,69,7,,26,236,我很愛他，我們要長相廝守！,I love him. We mean to spend our lives together.
game70.msg,6,0x0000061F,dialogue,1,8,,24,236,放了他！否則我不客氣了！,"Let him go, or I stop being polite."
game70.msg,7,0x0000071C,dialogue,69,0,,30,236,你要拆散我們，我只有跟你拼了！,"If you mean to tear us apart, I will fight you to the death!"
game70.msg,8,0x00000819,dialogue,69,0A,,96,236,求求你放了我‧‧我若死了，我的孩子也會餓死‧‧我願意解掉達斯身上的咒語，如此他就會忘了這一切‧‧,"I beg you, let me go... if I die my children will starve too... I will lift the spell on Das, and he will forget all of this..."
game70.msg,9,0x00000916,dialogue,1,0B,,30,236,我放妳一條生路，妳也放了達斯！,"I will spare your life, and you will free Das."
game70.msg,10,0x00000A13,dialogue,69,0,,94,236,阿依嗚拉！我已經解除咒語了‧‧謝謝你放過我及我的孩子，這是拯救亡靈符，留給我也沒用，就給你吧！,"Aiwula! The spell is broken... Thank you for sparing me and my children. Here, take the Soul Rescue Charm. It is no use to me."
game70.msg,11,0x00000B10,dialogue,6A,0,,12,236,春夢了無痕！,A dream of spring leaves no trace behind.
game70.msg,12,0x00000C0D,dialogue,1,0E,,76,236,妳死了，達斯身上的咒語自然也會解除，我不會留著這一窩禍害的小命以後再來害人！,With you dead the spell on Das will lift by itself. I am not leaving this nest of vermin alive to prey on people later.
game70.msg,13,0x00000D0A,dialogue,6A,0,,24,236,人類是世上最無情的動物！,Humans are the cruelest animals in this world.
game70.msg,14,0x00000E07,dialogue,6A,10,,70,236,這裡發生了什麼事？我為什麼會在這裡？我做了一個好長的夢‧‧很甜蜜的夢！,What happened here? Why am I in this place? I had such a long dream... such a sweet dream.
game70.msg,15,0x00000F04,dialogue,1,11,,40,236,‧‧‧你是達斯吧！快回家，你父親很擔心！,"...You must be Das. Go home quickly, your father is worried sick."
game70.msg,16,0x00001001,dialogue,6A,18,,54,236,好奇怪的感覺！深刻的記憶在我腦海迴盪，我就是想不起來！,"What a strange feeling. Some deep memory keeps echoing in my head, and I just cannot bring it back."
game70.msg,18,0x000011FB,dialogue,6A,0,,30,236,我老婆說：不可以跟陌生人說話。,My wife says I am not to talk to strangers.
game70.msg,20,0x000013F5,command,0,16,,10,236,MStg63.ANM,
game70.msg,22,0x000015EF,command,0,0,,10,236,MStg64.ANM,
game70.msg,23,0x000016EC,command,0,0,,10,236,MStg65.ANM,
game70.msg,25,0x000018E6,command,0,0,,10,236,MonB6A.ANM,
game72.msg,0,0x00000031,dialogue,0,2,,54,236,我無黨無派，無錢可吃飯，無錢買衣服，但是我過的有尊嚴。,"I belong to no party and no faction. I have no money for food and no money for clothes, but I live with my dignity."
game72.msg,1,0x0000012E,dialogue,0,0,,58,236,我兩眼昏花，四肢無力，不要為我收屍，這塊土地會為我哭泣‧‧,My eyes are dim and my limbs have no strength. Do not bother burying me. This land will weep for me...
game72.msg,2,0x0000022B,dialogue,0,4,,68,236,我喜歡妳的大眼睛，喜歡妳的長頭髮，喜歡妳的腳趾頭，現在我們要幹什麼？,"I like your big eyes, I like your long hair, I like your toes. So what are we doing now?"
game72.msg,3,0x00000328,dialogue,0,0,,32,236,你錢帶的夠嗎？夠的話一切好辦事！,"Did you bring enough money? If you did, everything is easy."
game72.msg,4,0x00000425,dialogue,0,6,,98,236,年輕人！你若是第一次，來這裡就對了，這裡紅包多，小姐多，快樂多！少年家別害羞，老的功夫好，咱來去！,"Young man! If this is your first time, you've come to the right place. Good tips, plenty of girls, plenty of fun. Don't be shy, lad, the older ones know their work. Come on!"
game72.msg,5,0x00000522,dialogue,1,0,,16,236,妳令我倒足胃口！,You have completely killed my appetite.
game72.msg,6,0x0000061F,dialogue,0,8,,66,236,我要牽妳的手，摸妳的屁股，吃妳的豆腐，我們一起去打‧‧拼‧‧打‧‧,"I want to hold your hand, touch your backside, get my hands all over you, and the two of us will work... hard... at..."
game72.msg,7,0x0000071C,dialogue,0,9,,56,236,我要你的錢，我不要你激烈的呼吸，也別想聽到我含糊的低吟！,"I want your money. I do not want your heavy breathing, and do not expect to hear me moaning either."
game72.msg,8,0x00000819,dialogue,0,0A,,12,236,妳在說什麼？,What are you talking about?
game72.msg,9,0x00000916,dialogue,0,0,,22,236,我不管，你要替我贖身！,I do not care. You are going to buy me out of here.
game72.msg,10,0x00000A13,dialogue,0,0C,,36,236,珠珠！再給我一次機會，妳會得到滿足！,"Zhuzhu! Give me one more chance, you will not be disappointed."
game72.msg,11,0x00000B10,dialogue,0,0,,26,236,去！去！去！沒錢又沒功夫！,Go! Go! Go! No money and no skill either.
game72.msg,12,0x00000C0D,dialogue,0,0E,,22,236,來吧！蓬門今始為君開！,Come in. My humble gate opens today for you.
game72.msg,13,0x00000D0A,dialogue,1,0F,,42,236,小姐，門已經快開壞了，妳在燃燒自己的靈魂！,"Miss, that gate is nearly worn off its hinges. You are burning up your own soul."
game72.msg,14,0x00000E07,dialogue,0,10,,84,236,你們這些臭男人，可以得到我的肉體，永遠得不到我的靈魂！我是聖潔的天使，洗淨你全身污穢,"You stinking men can have my body, but you will never have my soul. I am a holy angel, washing away all the filth on you."
game72.msg,15,0x00000F04,dialogue,0,11,,96,236,那些帶著不敬尋找發洩對像的男子，都將受到地獄最恐怖的刑罰，讓雄雄烈燄吞噬他們的哭喊！永恆不息‧‧,"Every man who comes here without reverence, looking for somewhere to empty himself, will suffer the worst of hell. Let the roaring flames swallow their screams, forever without end..."
game72.msg,16,0x00001001,dialogue,1,12,,40,236,好嚴厲的說法！是誰灌輸妳這麼可怕的想法？,That is a harsh thing to say. Who put such a terrible idea into your head?
game72.msg,17,0x000010FE,dialogue,0,13,,146,236,我最敬愛的父親！他讓我了解身為女人的價值！他替我算過命，他告訴我：只要接客滿七千人，我會昇天，成為最美麗的天使，從今以後我的生活只有快樂沒有憂愁！,"My beloved father. He taught me what a woman is worth. He read my fortune: take seven thousand customers and I'll rise to heaven as the most beautiful angel, with only joy ever after."
game72.msg,18,0x000011FB,dialogue,1,14,,14,236,妳父親會算命？,Your father tells fortunes?
game72.msg,19,0x000012F8,dialogue,0,15,,126,236,他在嘉露城替人算命，他的法力高深，變幻莫測，他有個祭壇就在怖懼山洞內，不過，我從來沒去過。你要不成為我第一千個客人？可以打折！,"He reads fortunes in Jialu City. His powers run deep and change beyond following. He has an altar inside Dread Cavern, though I've never been. Be my thousandth customer? At a discount!"
game72.msg,20,0x000013F5,dialogue,1,0,,26,236,等妳成為美麗的天使再說吧！,Ask me again once you are a beautiful angel.
game72.msg,21,0x000014F2,dialogue,0,0,,28,236,離目標還有距離，還得多接客！,I am still short of my target. I need more customers.
game72.msg,22,0x000015EF,dialogue,1,18,,76,236,妳父親死了‧‧醒醒吧！再這裡工作絕對無法成為天使，妳只是妳父親的一顆搖錢樹！,Your father is dead... Wake up. Working here will never make you an angel. You were only ever your father's money tree.
game72.msg,23,0x000016EC,dialogue,0,19,,40,236,你胡說‧你胡說‧我不相信！他為什麼死了？,You are lying... you are lying... I do not believe you! Why would he be dead?
game72.msg,24,0x000017E9,dialogue,1,1A,,30,236,謊話說多，咬斷舌頭，暴斃而亡！,Tell enough lies and you bite your tongue off and drop dead.
game72.msg,25,0x000018E6,dialogue,0,1B,,50,236,我不相信你說的！我一定要成為天使安慰他的再天之靈！,I do not believe a word of it! I will become an angel and comfort his spirit in heaven.
game72.msg,26,0x000019E3,dialogue,1,1C,,46,236,愚蠢到極點了！這世界到處都是謊言，無恥的謊言！,"This is stupid beyond words. The world is full of lies, shameless lies."
game72.msg,27,0x00001AE0,dialogue,0,1D,,24,236,你才是騙子，低級的騙子！,"You are the liar. A cheap, filthy liar."
game72.msg,28,0x00001BDD,dialogue,0,0,,28,236,我不要再見到你了！給我出去！,I never want to see you again. Get out!
game72.msg,29,0x00001CDA,dialogue,0,1F,,88,236,這裡是捷里沙，本鎮有最發達的造船業，可惜的是本鎮手藝最好的造船匠達斯已經失蹤一個多月了。,"This is Jielisha. The town has the finest shipbuilding trade anywhere, but sadly our best shipwright, Das, has been missing for over a month."
game72.msg,30,0x00001DD7,dialogue,0,0,,36,236,本鎮的海鮮物美價廉，窮人還是吃不起！,"The seafood here is good and cheap, and the poor still cannot afford it."
game72.msg,31,0x00001ED4,dialogue,0,21,,100,236,有個奇怪的晚上，母親輕輕地叫著我的名字，滿懷憂傷的坐在我身邊，淚水從她的臉龐落下，說著父親海枯石爛不,"One strange night my mother said my name softly, sat beside me full of sorrow, tears down her face, speaking of my father's love that would last till the seas dried up and the stones"
game72.msg,32,0x00001FD1,dialogue,0,22,,92,236,變的愛情，一切已成往事，她聲音急切迴盪在窒息的空氣中，我成為慾望的依靠，短暫的激情終點‧‧‧,"crumbled. It is all in the past now. Her voice was urgent, echoing in the airless room. I became something for her longing to lean on, the end of a brief passion..."
game72.msg,33,0x000020CE,dialogue,1,23,,8,236,然後呢？,And then?
game72.msg,34,0x000021CB,dialogue,0,24,,86,236,我游移在痛苦與快樂的天地，荒謬一如往昔的世界，誰來告訴我她是誰？誰來問我願不願意‧‧‧,"I drift between pain and pleasure, in a world as absurd as it ever was. Who will tell me who she is? Who will ask me whether I want this..."
game72.msg,35,0x000022C8,dialogue,1,25,,8,236,？？？？,？？？？
game72.msg,36,0x000023C5,dialogue,0,0,,20,236,我要逃避這整個世界！,I want to run from this whole world!
game72.msg,37,0x000024C2,dialogue,0,27,,136,236,我媽媽給人洗衣服，我爸爸在市場砍人十刀去坐牢，我妹妹下海賣身，我窮的只能幻想兼流口水，我到底要幹‧‧什麼？我要幹‧‧什麼才能出頭天‧‧‧,"My mother takes in washing, my father is in jail for knifing a man at the market, my sister sells herself. I'm so poor all I do is dream and drool. What do I do... to get ahead..."
game72.msg,38,0x000025BF,dialogue,0,28,,64,236,我要反抗權威，顛覆虛構制度！我就是道路，我就是真理，我就是生命！,"I will defy authority and tear down this sham of a system! I am the way, I am the truth, I am the life!"
game72.msg,39,0x000026BC,dialogue,0,0,,34,236,我對這個社會失望，對這個朝代絕望！,"I have lost faith in this society, and all hope in this dynasty."
game72.msg,40,0x000027B9,dialogue,0,2A,,43,236,怖懼山洞現在封鎖中，有位貴族在山洞內失蹤！ ,Dread Cavern is sealed off at the moment. A nobleman went missing inside it.
game72.msg,41,0x000028B6,dialogue,0,0,,32,236,我的老公年近六旬，還像一尾活龍！,My husband is nearly sixty and still as lively as a dragon.
game72.msg,42,0x000029B3,dialogue,67,2C,,148,236,我想知道什麼是憐憫，這個問題一直困擾著我，有人說：人不為己天誅地滅，但又有人願意捨己助人，為什麼？你若是能解開我心中的疑問，我會毫不吝惜的送你真絹！,"I want to know what pity is. It troubles me. Some say a man who doesn't look out for himself is doomed, yet others give up all to help. Why? Answer that and the True Silk is yours."
game72.msg,43,0x00002AB0,dialogue,1,0,,12,236,我盡我所能！,I will do what I can.
game72.msg,44,0x00002BAD,dialogue,67,2E,,38,236,我要知道什麼是憐憫！你現在能告訴我嗎？,I want to know what pity is. Can you tell me now?
game72.msg,45,0x00002CAA,dialogue,1,0,,4,236,不！,No!
game72.msg,46,0x00002DA7,dialogue,1,30,,10,236,沒有答案！,There is no answer.
game72.msg,47,0x00002EA4,dialogue,67,0,,36,236,很好！我想的確是沒有答案，這是真絹。,Very good. I believe there truly is no answer. Here is the True Silk.
game72.msg,48,0x00002FA1,dialogue,67,0,,54,236,我現在比較擔心的是，我的孩子能不能用功讀書，復興民族！,What worries me more these days is whether my children will study hard and restore our people.
game72.msg,50,0x0000319B,dialogue,0,0,,12,236,是否要休息！,Rest here?
game73.msg,0,0x00000031,dialogue,65,2,,100,236,我心急如焚！我的兒子達斯出外找尋木材製造船隻，竟離奇失蹤，生死不明，活著我要見到人，死了我要看到屍體,"My heart is on fire. My son Das went out looking for timber to build ships and vanished. I do not know if he lives. If he lives I want to see him, if he is dead I want to see the body"
game73.msg,1,0x0000012E,dialogue,65,0,,56,236,，唉！年輕人，做人要行善積德，請幫我一個忙，幫我找到他！,". Ah! Young man, a man should do good and build up merit. Please do me this one favor and find him."
game73.msg,2,0x0000022B,dialogue,1,4,,26,236,老先生，您放心！我會幫忙。,"Do not worry, sir. I will help."
game73.msg,3,0x00000328,dialogue,65,0,,20,236,謝謝你們，謝謝你們！,"Thank you, thank you both!"
game73.msg,4,0x00000425,dialogue,65,0,,22,236,你的熱心令我老淚縱橫！,Your kindness brings tears to these old eyes.
game73.msg,5,0x00000522,dialogue,65,7,,62,236,謝謝你們找回我的兒子！等達斯將船造好之好，你們就能得到一艘船。,"Thank you for bringing my son back. Once Das has finished building the ship, it is yours."
game73.msg,6,0x0000061F,dialogue,1,0,,12,236,太謝謝您了！,Thank you very much.
game73.msg,7,0x0000071C,dialogue,66,0,,48,236,我不知道該不該謝謝你‧‧我真的很喜歡那個狐狸精。,I do not know whether I should thank you... I truly loved that fox spirit.
game73.msg,8,0x00000819,dialogue,66,0A,,36,236,船已經造好了，從今以後它就是你們的了,The ship is finished. From today it belongs to you.
game73.msg,9,0x00000916,dialogue,1,0,,18,236,它正好派的上用場。,It will come in useful.
game73.msg,10,0x00000A13,dialogue,65,0C,,36,236,船已經造好了，這是我與我兒子的心意！,The ship is finished. It is a gift from my son and me.
game73.msg,11,0x00000B10,dialogue,1,0,,6,236,謝謝！,Thank you!
game73.msg,12,0x00000C0D,dialogue,1,0E,,86,236,行善積德的方式有很多，不一定非得要找你兒子！況且你應該向有關單位報案，而不是找我幫忙！,"There are many ways to do good, and finding your son is not the only one. Besides, you should report this to the authorities, not ask me."
game73.msg,13,0x00000D0A,dialogue,65,0,,46,236,找有關單位幫忙‧‧哈‧哈‧我人老，腦子還沒老！,"Ask the authorities for help... ha, ha. I am old, but my head still works."
game73.msg,14,0x00000E07,dialogue,65,0,,76,236,兒子啊！兒子啊！你若是遭到不測，就托夢給我，也好讓我給你收屍‧‧嗚‧嗚‧嗚！,"My son, my son! If something has happened to you, come to me in a dream so I can bury you at least... Ugh... ugh... ugh!"
game73.msg,15,0x00000F04,dialogue,65,0,,100,236,不管如何，你找回我兒子我還是要謝謝你！等到我兒子將船造好後，你若是有需要，我可以以低廉的價格賣給你。,"Either way, you brought my son back and I still thank you. Once he has finished the ship, I can sell it to you cheap if you need it."
game73.msg,16,0x00001001,dialogue,66,0,,18,236,我忘不掉那段美夢！,I cannot forget that beautiful dream.
game73.msg,17,0x000010FE,dialogue,66,0,,26,236,要買船嗎？一艘一萬五千圓！,Want to buy a ship? Fifteen thousand gold each.
game73.msg,18,0x000011FB,dialogue,1,0,,4,236,好！,Yes!
game73.msg,19,0x000012F8,dialogue,66,0,,16,236,它就停在石斑港！,It is moored at Shiban Harbor.
game73.msg,20,0x000013F5,dialogue,66,0,,20,236,乘風破浪，遨遊四海！,"Ride the wind, cut the waves, and roam the four seas!"
game73.msg,21,0x000014F2,dialogue,1,11,,6,236,不要！,No!
game73.msg,22,0x000015EF,dialogue,65,0,,32,236,你再也找不到價格如此低廉的船隻！,You will never find a ship at a price like that again.
game73.msg,26,0x000019E3,command,0,0,,10,236,MStg66.ANM,
game75.msg,0,0x00000031,dialogue,68,2,,84,236,我的女朋友小梅前天在此跳海自殺，我們深愛著對方，卻無法結合，她是富家女，我是窮小子！,My girlfriend Xiaomei drowned herself here the day before yesterday. We loved each other deeply and could never be together. She was a rich man's daughter and I am a poor boy.
game75.msg,1,0x0000012E,dialogue,1,3,,20,236,你該不會準備自殺吧？,"You are not planning to kill yourself, are you?"
game75.msg,2,0x0000022B,dialogue,68,4,,18,236,我再也活不下去‧‧,I cannot go on living...
game75.msg,3,0x00000328,dialogue,1,5,,18,236,自殺是懦弱的行為！,Killing yourself is a coward's way out.
game75.msg,4,0x00000425,dialogue,68,6,,30,236,我寫了一篇祭梅文，請你聽聽看！,"I wrote a lament for Mei. Please, listen to it."
game75.msg,5,0x00000522,dialogue,1,7,,22,236,如果這能使你打消念頭！,If it will change your mind.
game75.msg,6,0x0000061F,dialogue,68,8,,96,236,再妳未與我吻別前別叫醒我妳再也見不到我艱辛地游過深藍的海水潮來潮往是我的深情最深的悲哀深於淚水沙,Do not wake me before you kiss me goodbye you will never see me again struggling across the deep blue sea the tides are my devotion the deepest grief runs deeper than tears the
game75.msg,7,0x0000071C,dialogue,68,0,,96,236,灘的足跡聆聽晚風習習清澈冷冽帶不走希望如緣木求魚般的無情無奈思念點燃創痛燭火愛情是淒苦破碎的？？,footprints on the sand listen to the evening wind clear and cold it carries no hope as futile as chasing fish up a tree longing lights the candle of pain is love bitter and broken??
game75.msg,8,0x00000819,dialogue,1,0A,,6,236,等待！,Waiting!
game75.msg,9,0x00000916,dialogue,68,0,,68,236,用等待劃下我人生的句點‧‧這把右花扇送給你，小梅我們終究會在一起‧‧,"I will end my life with waiting... Take this right-flower fan. Xiaomei, in the end we will be together..."
game75.msg,10,0x00000A13,dialogue,1,0,,36,236,他為愛殉情！我的淚水再也不聽使喚‧‧,He died for love. My tears will not obey me anymore...
game75.msg,11,0x00000B10,dialogue,68,0,,50,236,用美夢劃下我人生的句點‧‧小梅我們終究會在一起‧‧,"I will end my life with a beautiful dream... Xiaomei, in the end we will be together..."
game75.msg,12,0x00000C0D,dialogue,1,0,,36,236,他為愛殉情！我的淚水再也不聽使喚‧‧,He died for love. My tears will not obey me anymore...
game75.msg,13,0x00000D0A,dialogue,68,0,,50,236,用感覺劃下我人生的句點‧‧小梅我們終究會在一起‧‧,"I will end my life with feeling... Xiaomei, in the end we will be together..."
game75.msg,14,0x00000E07,dialogue,1,0,,36,236,他為愛殉情！我的淚水再也不聽使喚‧‧,He died for love. My tears will not obey me anymore...
game75.msg,15,0x00000F04,command,0,0,,10,236,MStg80.ANM,
game75.msg,17,0x000010FE,command,0,13,,10,236,MStg79.ANM,
game75.msg,20,0x000013F5,command,0,0,,11,236,MStg111.ANM,
game75.msg,21,0x000014F2,dialogue,69,0,,20,236,是否要搭船到聖光島？,Take the ship to Holy Island?
game75.msg,22,0x000015EF,command,0,18,,11,236,MStg112.ANM,
game75.msg,23,0x000016EC,command,0,19,,8,236,Ship.FTC,
game75.msg,24,0x000017E9,command,1,0,,10,236,Map129.DAT,
game78.msg,0,0x00000031,dialogue,65,2,,108,236,我要成為人類！我不要這副醜陋的德性，幫助我好不好？我的身軀是由十位孩童所創造出來的，那群巫師賦于我血腥的生命,"I want to become human! I do not want this hideous shape. Will you help me? My body was made out of ten children, and those sorcerers gave me a life soaked in blood"
game78.msg,1,0x0000012E,dialogue,65,0,,86,236,所以我只要吃掉十位孩童的屍體，我就能成為人類！如果你幫助我達成心願，我送給你泊天神蛹！,so all I need is to eat the bodies of ten children and I can become human. Help me get my wish and I will give you the Heavenbound Pupa.
game78.msg,2,0x0000022B,dialogue,1,4,,14,236,我願意幫助你！,I will help you.
game78.msg,3,0x00000328,dialogue,65,0,,22,236,麻煩你們找到十具童屍！,Please find me ten children's corpses.
game78.msg,4,0x00000425,dialogue,65,0,,20,236,我好想趕快成為人類！,I so badly want to be human soon.
game78.msg,5,0x00000522,dialogue,65,12,,30,236,謝謝你們的幫助！這是泊天神蛹。,Thank you for your help. Here is the Heavenbound Pupa.
game78.msg,6,0x0000061F,dialogue,1,8,,28,236,我不能幫你，聽起來匪夷所思！,I cannot help you. What you are asking is monstrous.
game78.msg,7,0x0000071C,dialogue,65,0,,22,236,我好失望，只有靠自己！,I am so disappointed. I will have to manage alone.
game78.msg,8,0x00000819,dialogue,65,0,,20,236,我再也不是正常人了！,I will never be a normal person again.
game78.msg,14,0x00000E07,dialogue,65,0,,16,236,謝謝你們的幫助！,Thank you for your help.
game78.msg,16,0x00001001,command,0,0,,10,236,MStg81.ANM,
game78.msg,17,0x000010FE,command,0,13,,11,236,MStg120.ANM,
game79.msg,0,0x00000031,dialogue,0,0,,32,236,從水井內傳出訊息：不想喝也得喝！,A message comes up out of the well: you will drink whether you want to or not.
game79.msg,1,0x0000012E,dialogue,0,4,,6,236,我喝！,I will drink!
game79.msg,2,0x0000022B,dialogue,0,0,,8,236,我不喝！,I will not drink!
game8.msg,0,0x00000031,dialogue,1,0,,68,236,這塊巨石為什麼矗立在這裡？石頭上為什麼又有這張符咒？撕下來看看好了！,Why does this great stone stand here? And why is there a charm stuck on it? I may as well tear it off and see.
game8.msg,1,0x0000012E,dialogue,1,3,,46,236,哇！你是什麼人？你以這種方式出現令我感到訝異！,Whoa! Who are you? Appearing like that gives me quite a shock.
game8.msg,2,0x0000022B,dialogue,65,4,,168,236,我從閃光中出現意味著我將照亮你的人生，你的未來也將因為我而改變，從今以後你的生命也將充滿著危險，卻也遍佈著希望，你無法從我這得到更多的指引，你的歡樂與痛苦也都將屬於你！,I came from the light to light your life. Your future changes because of me. From now your life holds danger and hope alike. I can guide you no further. Joy and pain are yours.
game8.msg,3,0x00000328,dialogue,1,5,,20,236,我聽了比沒聽還糊塗！,I understand less now than before you spoke.
game8.msg,4,0x00000425,dialogue,65,6,,144,236,這塊巨石就是所謂的亡朝碑！當你將鎮壓符撕下的時候也就是黑暗力量的甦醒，嘿！嘿！不過黑暗之後‧也許光明既將到來！但是，你該如何驅走黑暗帶來光明‧‧,"This boulder is the Stele of the Fallen Dynasty. Tearing off the sealing charm wakes the dark power. Heh, heh. After the dark, perhaps light. But how will you bring it..."
game8.msg,5,0x00000522,dialogue,1,7,,12,236,我該怎麼辦？,What should I do?
game8.msg,6,0x0000061F,dialogue,65,8,,150,236,別打斷我的話，這正是我要告訴你的！仔細聽好，我能給你的幫助也僅止於此！這個世界隱藏著巨大的秘密，這個秘密關係著摩羅王朝的存亡，只要你能找齊十樣聖物‧‧,"Do not interrupt, this is what I'm telling you. Listen well, this is all the help I can give. This world hides a vast secret, and on it hangs the Moro Dynasty. Gather ten holy items..."
game8.msg,7,0x0000071C,dialogue,1,9,,50,236,你的意思是說如果我能解開秘密，我就能推翻摩羅王朝？,"You mean if I can uncover the secret, I can bring down the Moro Dynasty?"
game8.msg,8,0x00000819,dialogue,65,0A,,178,236,你若是記憶力不佳，注意力不集中，想像力不豐富，我想你絕對無法完成推翻摩羅王朝的壯舉‧‧聽清楚了！找到未見箴圖、蓮花若木、雲雷風鼓、玄白赤鼎、泊天神俑、斑瀾文簡，獻給六手甲乙佛‧‧,"Find the Unseen Admonition, Lotus Ruo-Tree, Cloud-Thunder Drum, Tricolor Cauldron, Heavenbound Effigy and Resplendent Slips for the Six-Armed Buddha..."
game8.msg,9,0x00000916,dialogue,1,0B,,42,236,六手甲乙佛在那裏？祂又能給我什麼樣的幫助？,Where is the Six-Armed Buddha of Jiayi? And what help can he give me?
game8.msg,10,0x00000A13,dialogue,65,0C,,180,236,在裂風地窖！進入裂風地窖的關鍵就在亡朝碑上，接下來無可奉告！看你滿臉迷惑我在透露一點提示，六手甲乙佛的手上不一定都要有東西，不過，你也可以不用相信我！六手甲乙佛祂可以使聖光島昇起。,"In the Windrift Vault. The key to entering is on the Stele of the Fallen Dynasty. Beyond that, nothing. One hint: his six hands need not all hold something. He can raise Holy Island."
game8.msg,11,0x00000B10,dialogue,1,0D,,44,236,聖光島？你剛剛有提到真絹、命石、天玉、子燭？,"Holy Island? You mentioned True Silk, a Life Stone, Heavenly Jade, the Child Candle?"
game8.msg,12,0x00000C0D,dialogue,65,0E,,172,236,聖光島！如果你到的了聖光島就能決定你未來的命運！這四樣聖物取前面一個字，合起來就是真命天子，你用不著高興的太早，我不認為你辦的到！當然了，這四樣物品與聖光島是有密切的關係。,"Holy Island! Reach it and you decide your fate. Take the first word of each: True, Life, Heaven, Child. Do not celebrate yet, I do not think you can. All four are tied to Holy Island."
game8.msg,13,0x00000D0A,dialogue,1,0F,,44,236,如果你認為我辦不到，你又何必告訴我該怎麼做？,"If you think I cannot do it, why bother telling me how?"
game8.msg,14,0x00000E07,dialogue,65,10,,154,236,如果你找不到這裡，如果你不把鎮壓符撕掉，我又何必告訴你？這一切都是天的旨意，我知道你心裏在想什麼！你不過把這一段當成是生命中的奇遇，何不回頭看看來時路‧‧,"If you'd not found this place, if you'd not torn off the sealing charm, why would I? It is all heaven's will. I know your thoughts: a strange episode. Look back at the road you came."
game8.msg,15,0x00000F04,dialogue,1,11,,30,236,你好像已經知道我所碰到的事情！,You seem to know already what has happened to me.
game8.msg,16,0x00001001,dialogue,65,12,,94,236,在過不久，你就能感受到黑暗力量的甦醒，這個禍是你闖的，你不能逃避！找出黑暗的存在，然後消滅它！,"Before long you will feel the dark power waking. This trouble is yours, you brought it, and you cannot run from it. Find where the darkness is, and destroy it."
game8.msg,17,0x000010FE,dialogue,1,13,,16,236,我‧我‧現在‧‧,I... I... right now...
game8.msg,18,0x000011FB,dialogue,65,0,,30,236,哈！哈！回家去吧！我也該走了！,Ha! Ha! Go home. And I should be going too.
game8.msg,19,0x000012F8,dialogue,1,15,,38,236,等一下！你到底是什麼人？好人還是壞人？,Wait! Just who are you? Good or evil?
game8.msg,20,0x000013F5,dialogue,65,16,,52,236,那麼你是好人還是壞人呢？我是來自終極歷程的不朽先知！,"And which are you, good or evil? I am the undying prophet out of the final journey."
game8.msg,21,0x000014F2,dialogue,1,0,,90,236,我還有好多疑問你人就走了！‧‧我是好人還是壞人？唉！回家去吧！想到黑暗的力量我就渾身無力！,"I still had so many questions and he is gone... Am I good or evil? Ah, go home. Thinking about the dark power drains the strength out of me."
game8.msg,23,0x000016EC,command,0,1B,,11,236,Stage02.FTC,
game8.msg,25,0x000018E6,dialogue,1,0,,18,236,咦！發生什麼事？！,Huh! What is happening?
game8.msg,26,0x000019E3,command,0,0,,10,236,Mstg12.ANM,
game8.msg,27,0x00001AE0,command,0,18,,10,236,Mstg11.ANM,
game8.msg,29,0x00001CDA,command,0,1F,,11,236,MStg117.ANM,
game8.msg,32,0x00001FD1,command,0,25,,11,236,Stage03.FTC,
game8.msg,33,0x000020CE,command,0,0,,11,236,Mstg118.ANM,
game8.msg,34,0x000021CB,dialogue,65,0,,48,236,聖光島！如果你到的了聖光島就能決定你未來的命運！,Holy Island! Reach Holy Island and you decide your own fate.
game8.msg,37,0x000024C2,command,0,27,,12,236,HolyLose.FTC,
game80.msg,0,0x00000031,dialogue,0,0,,22,236,我的臉色隨著陰暗變化！,My face changes color as the shadows change.
game80.msg,1,0x0000012E,command,0,3,,10,236,MStg84.ANM,
game80.msg,6,0x0000061F,command,0,0,,10,236,MStg82.ANM,
game80.msg,7,0x0000071C,command,0,0,,10,236,MStg83.ANM,
game81.msg,1,0x0000012E,dialogue,0,0,,22,236,由磁磚鑲成的缺角牆壁。,A tiled wall with a corner missing.
game83.msg,0,0x00000031,dialogue,0,2,,38,236,大眼睛的孩子‧‧他再也不會唱兒歌了‧‧,The child with the big eyes... he will never sing a nursery rhyme again...
game83.msg,1,0x0000012E,dialogue,0,0,,12,236,孩童的屍體！,A child's corpse!
game83.msg,7,0x0000071C,dialogue,1,0,,12,236,我沒有鐵鑰匙,I do not have an iron key
game85.msg,2,0x0000022B,dialogue,1,0,,26,236,這個東西看起來有點像標靶！,This thing looks a bit like a target.
game85.msg,3,0x00000328,dialogue,1,5,,10,236,百發百中！,"A hundred shots, a hundred hits!"
game86.msg,0,0x00000031,dialogue,66,0,,58,236,歡迎來到我的實驗室，不過你們是不速之客！你們為什麼來這裡？,"Welcome to my laboratory, though you are uninvited. Why have you come here?"
game86.msg,1,0x0000012E,dialogue,4,3,,46,236,這些孩子跟你有什麼深仇大恨，為什麼要害死他們？,What grudge did these children ever give you? Why did you kill them?
game86.msg,2,0x0000022B,dialogue,66,4,,92,236,這是一個偉大的實驗！只要找出方法，人體有無限發展的的可能，這些孩子正好驗證我聰明絕頂的頭腦！,This is a great experiment! Find the right method and the human body can be developed without limit. These children happen to prove how brilliant my mind is.
game86.msg,3,0x00000328,dialogue,2,5,,52,236,我的刀子也可證明肉體是如此的脆弱，生命是如此的無助！,"My knife can also prove how fragile the flesh is, and how helpless life is."
game86.msg,4,0x00000425,dialogue,66,0,,14,236,哈‧哈‧哈‧！,"Ha, ha, ha!"
game86.msg,5,0x00000522,dialogue,1,12,,20,236,死得其所，死有餘辜！,"He died where he deserved to, and death is still too good for him."
game86.msg,6,0x0000061F,dialogue,1,8,,26,236,釋聖經是屬於神的，交出來！,The Sacred Sutra belongs to god. Hand it over.
game86.msg,7,0x0000071C,dialogue,66,9,,118,236,神在那裡？神是要幹什麼？人求神要幹嗎？人問神要求什麼？求富貴功名！求家財萬貫！這是私心昇華的賄賂‧‧你這個基本教義派！,Where is god? What does god do? Why do men pray to him? What do they ask for? Wealth and rank! A fortune in the house! It is a bribe dressed up as devotion... You fundamentalist!
game86.msg,8,0x00000819,dialogue,1,0A,,10,236,你污蔑神！,You blaspheme against god!
game86.msg,9,0x00000916,dialogue,66,0,,16,236,死不悔改的蠢豬！,"Stubborn pig, dying with nothing learned!"
game86.msg,10,0x00000A13,dialogue,1,0C,,16,236,基本教義派勝利！,The fundamentalist wins!
game86.msg,11,0x00000B10,dialogue,66,12,,36,236,你‧‧再也‧‧拿不到‧釋‧聖‧經‧‧,You... will never... get... the Sacred... Sutra...
game86.msg,12,0x00000C0D,dialogue,0,0,,20,236,在他身上找到左花扇！,Found the left flower fan on him!
game86.msg,13,0x00000D0A,dialogue,0,0,,8,236,釋聖經！,The Sacred Sutra!
game86.msg,15,0x00000F04,command,0,0,,10,236,MonB7A.ANM,
game89.msg,2,0x0000022B,dialogue,0,0,,104,236,這塊碑文寫著：就像男人需要女人，就像紅花需要綠葉，就像城市需要名字，就像夢想需要實現，就像我需要‧‧‧！,"The inscription reads: as a man needs a woman, as a red flower needs green leaves, as a city needs a name, as a dream needs fulfilling, as I need...!"
game89.msg,5,0x00000522,dialogue,0,0,,128,236,這塊碑文寫著：五十萬年前沒有人跟隨我的腳步，五十萬年後我的屍骨深埋地底任人踐踏，神創造我，你創造未來，我給你希望，你給我‧‧‧！,"It reads: half a million years ago none followed my steps; half a million years on my bones lie deep to be trodden. God made me, you make the future. I give you hope, you give me...!"
game89.msg,6,0x0000061F,dialogue,0,0,,14,236,就快要成功了！,Almost there!
game9.msg,0,0x00000031,dialogue,1,0,,160,236,凝視著妳雪白的肌膚，令我不忍轉移目光，妳看起來是這麼的美好，我相信妳在這種袒裎相見的情況下一定會感到害羞，如果妳願意與我聊聊的話，我願意轉過頭去讓妳將衣服穿好。,"Looking at your snow-white skin, I cannot look away. You are lovely. Caught bare like this you must feel shy, so if you will talk with me, I will turn around and let you dress."
game9.msg,1,0x0000012E,dialogue,65,3,,132,236,下流！你大概不知道我所擁有的神秘藝術足以讓一個無恥的傢伙化為灰燼，你最好在我還沒有下定決心之前收起你的目光，閉上你的嘴巴，趕快離開！,"Filthy man! You have no idea that the arts I command could burn a shameless creature like you to ash. Take your eyes off me, shut your mouth and go, before I make up my mind."
game9.msg,2,0x0000022B,dialogue,1,0,,40,236,我只看到人體藝術，沒有見到什麼神秘藝術。,All I see is the art of the human body. I do not see any mysterious art.
game9.msg,3,0x00000328,dialogue,65,0,,22,236,愈說愈離譜，去死吧你！,Every word makes it worse. Drop dead!
game9.msg,4,0x00000425,dialogue,1,6,,36,236,妳為什麼會魔法？魔法師不是都死光了？,How do you know magic? Were not all the magicians killed?
game9.msg,5,0x00000522,dialogue,65,7,,182,236,‧‧那是一場死亡宴會！我父親與其他的魔法師們在接到摩羅王的邀請之後無不認為這是魔法師地位的轉戾點，我忘不掉我父親在準備赴宴時眼中所流露出的光彩，沒想到摩羅王竟然讓這份光彩染上鮮血‧‧,"...A banquet of death. When my father and the other magicians got King Moro's invitation, they thought it their turning point. I can't forget the light in his eyes. Moro bloodied it..."
game9.msg,6,0x0000061F,dialogue,1,8,,56,236,摩羅王的眼中為什麼容不下魔法師？他又是如何害死這些人的？,Why could King Moro not stand the sight of a magician? And how did he kill them?
game9.msg,7,0x0000071C,dialogue,65,9,,192,236,他不過是想了解一個能夠操控大自然力量的人，是否也能預見自己的生死，我想，他已經得到答案了！這個世界沒有永恆的生命，卻有恆久的仇恨，日久天長，難以磨滅。他在菜裏下毒，參加宴會的魔法師，無一倖免！,"He only wanted to know if a man who commands nature can foresee his own death. He got his answer. There is no eternal life, only lasting hatred time cannot erase. He poisoned the food."
game9.msg,8,0x00000819,dialogue,1,0A,,10,236,妳很恨他！,You hate him.
game9.msg,9,0x00000916,dialogue,65,0B,,98,236,殺父之仇，沒齒難忘！我恨不得親手殺了這個無道昏庸，多行不義的老賊！喂！你該看夠了吧？我要穿衣服了！,He killed my father. I will never forget it as long as I live. I'd give anything to kill that lawless old thief with my own hands. Hey! Seen enough? I'm getting dressed.
game9.msg,10,0x00000A13,placeholder,1,0,Ａ,102,236,我是Ａ，不是喂！目前為止是夠了，希望以後還有機會！我會轉過身去，用不著太緊張，把身體擦乾再將衣服穿上！,"I am Ａ, not ""hey"". Enough for now, and I hope there will be another chance. I will turn around. No need to be nervous, dry yourself off and put your clothes on."
game9.msg,11,0x00000B10,dialogue,9,0,,60,236,你用不著描述穿衣的細節，除了摩羅老賊，再來就是你最令我厭惡！,"You do not need to describe the dressing in detail. After that old thief Moro, you are the next most disgusting man alive."
game9.msg,12,0x00000C0D,dialogue,1,0,,84,236,哇‧‧！這是怎麼一回事？難道是世界末日？為什麼當妳說過討厭我，就天搖地動，風雲變色！,Whoa! What is going on? Is this the end of the world? Why does the ground shake and the sky turn the moment you say you dislike me?
game9.msg,13,0x00000D0A,dialogue,66,0,,170,236,跟這位小姐沒有關係，跟你倒是有關係！你還記得我嗎？還記得是你把亡朝碑上的鎮壓符給撕下的吧？若是都沒忘記的話，現在你所看到的就是黑暗力量，你責任的序幕已經揭開，去殘慟谷吧！,"Not the lady, you. Remember tearing the sealing charm off the Stele of the Fallen Dynasty? What you see now is the dark power. Your part in this begins. Go to the Vale of Grief."
game9.msg,14,0x00000E07,dialogue,9,10,,42,236,你有什麼責任？黑暗力量是什麼？他是人是鬼？,What duty is this? What is the dark power? Is he a man or a ghost?
game9.msg,15,0x00000F04,dialogue,1,11,,182,236,說來話長，整件事情是這樣的‧‧‧是我把黑暗力量釋放出來，因為我的愚行使這個世界產生變化，他告訴我：只要我能找出隱藏在這個世界的巨大秘密，就可以推翻摩羅王朝，不過，我比較擔心黑暗力量！,"Long story. I released the dark power, and my folly changed it. He said uncovering the great secret hidden here would topple the Moro Dynasty. But the dark power worries me more."
game9.msg,16,0x00001001,dialogue,9,12,,32,236,也許我可以替你分擔一部份的責任！,Perhaps I could carry part of that duty for you.
game9.msg,17,0x000010FE,dialogue,1,13,,170,236,妳並沒有使命感！你不過是想利用我殺掉摩羅王！我並不在乎我是否能推翻摩羅王朝，我在意的是黑暗力量會給這塊土地的人民帶來什麼樣的傷害！我要消滅黑暗的力量，清除這股邪惡的根源！,"You have no sense of mission, you just want me to kill King Moro. I don't care about toppling the dynasty. I care what the dark power does to this land. I'll destroy it at the root."
game9.msg,18,0x000011FB,dialogue,9,23,,118,236,對！你說的沒錯，妖魔鬼怪就是黑暗的力量，摩羅王就是邪惡的根源！我並沒有利用你的意思，光憑你個人的力量我認為你是在玩命！,"Yes, you're right. The monsters and demons are the dark power, and King Moro is the root of the evil. I'm not using you. Alone, I think you're gambling with your life."
game9.msg,19,0x000012F8,dialogue,1,15,,84,236,好像是我誤會妳了！好吧，讓我們一塊踏上愛的旅途！嗯‧‧是艱辛的旅途。我該怎麼稱呼妳？,"It seems I misjudged you. All right, let us set out together on the road of love. Hmm... the hard road, I mean. What should I call you?"
game9.msg,20,0x000013F5,placeholder,9,16,Ｂ,96,236,我是Ｂ，我回家準備一下，待會兒你過來找我，對了！我家在西籬溫泉的北邊，你順著這條路走就可以看到。,"I am Ｂ. I am going home to get ready. Come and find me shortly. Oh, my house is north of the Xili Hot Spring, just follow this road and you will see it."
game9.msg,21,0x000014F2,dialogue,1,0,,12,236,好！等會見！,Good. See you soon.
game9.msg,22,0x000015EF,dialogue,1,18,,38,236,道不同，不相為謀！說明白一點就是不行！,"Different roads, no shared plans. To put it plainly: no."
game9.msg,23,0x000016EC,dialogue,9,0,,24,236,你會後悔的！一定會後悔！,You will regret this. You certainly will.
game9.msg,28,0x00001BDD,dialogue,1,0,,50,236,好了嗎？女孩子總是要把自己打扮的漂漂亮亮才肯出門！,Ready? A girl always has to make herself pretty before she will go out.
game9.msg,30,0x00001DD7,dialogue,9,0,,10,236,廢話少說！,Enough talk.
game9.msg,32,0x00001FD1,command,0,0,,10,236,Mstg05.ANM,
game9.msg,33,0x000020CE,command,0,0,,10,236,Mstg06.ANM,
game9.msg,34,0x000021CB,dialogue,9,0,,52,236,殺父之仇不得不報，妖魔鬼怪不得不除！讓我幫助你好嗎？,"A father's murder has to be avenged, and monsters have to be destroyed. Will you let me help you?"
game91.msg,0,0x00000031,dialogue,67,2,,100,236,我想你們若是沒有經過正確的程序是不可能見到我的，好奇心已經得到滿足，復仇的時候到了，我知道他許久，也,"I do not think you could have reached me without going through the proper steps. Your curiosity is satisfied. Now it is time for revenge. I have known of him a long while, and I"
game91.msg,1,0x0000012E,dialogue,67,3,,96,236,知道天理昭昭，報應不爽！你們就是天理，而我就是他的報應！正義在向你們招手，我可以提供優厚的報賞！,"know that heaven sees all and repayment never fails. You are heaven's justice, and I am his reckoning. Justice is beckoning you, and I can offer a rich reward."
game91.msg,2,0x0000022B,dialogue,1,4,,44,236,你是希望我們為你做正義的打手還是私欲的保鑣？,"Do you want us as justice's enforcers, or as bodyguards for your own grudge?"
game91.msg,3,0x00000328,dialogue,67,5,,100,236,我告訴你一段往事，也許可以釐清真像‧‧我的外表可以告訴你我們是屬於不同種族的人，我們奔龍族才是這個世,"Let me tell you something from the past, it may make the truth clearer... You can see from my form that we are of different races. We Benlong people were the first inhabitants of this"
game91.msg,4,0x00000425,dialogue,67,6,,92,236,界最早的居民，在很久遠的時代，這個世界的空氣非常的稀薄，我們的生理結構只能承受這樣的環境‧‧,"world. In the distant past the air of this world was very thin, and our bodies could only bear an environment like that..."
game91.msg,5,0x00000522,dialogue,1,7,,32,236,你是說這個世界後來又產生了變動？,You mean the world changed afterward?
game91.msg,6,0x0000061F,dialogue,67,8,,100,236,沒錯！我的祖先告訴下一代，下一代再告訴下一代，所以我才知道我的族人們所經歷的浩劫，當毀滅性的改變發生,"Just so. My ancestors told the next generation, and they told the next, and that is how I know of the catastrophe my people lived through. When the destroying change came"
game91.msg,7,0x0000071C,dialogue,67,9,,82,236,之後，有一部份的族人落入這個龐大又空氣稀薄的洞穴中，才未使奔龍族遭受滅種的命運‧‧,"some of my people fell into this vast cavern with its thin air, and only so did the Benlong escape extinction..."
game91.msg,8,0x00000819,dialogue,1,0A,,64,236,如果你是要我為你向大自然討回公道的話，我想你還是打消這個念頭吧！,"If you want me to win you justice against nature itself, I think you had better give up the idea."
game91.msg,9,0x00000916,dialogue,67,0B,,100,236,讓我把話說完！當我的祖先來到這個與我們生存環境相仿的地方之後，族人們從未放棄回到地上的希望，這只是毫,"Let me finish. Once my ancestors reached this place so like our old home, my people never gave up hope of returning to the surface. It was only hope"
game91.msg,10,0x00000A13,dialogue,67,0C,,102,236,無希望的希望，我們在這裡延續族群的生命，可是一個叫休斯的人類王子卻毀了奔龍族，當我死了也就是滅種之日。,"without hope. We carried the race on down here, but a human prince called Sius destroyed the Benlong. The day I die is the day we die out."
game91.msg,11,0x00000B10,dialogue,1,0D,,36,236,他是怎麼毀了奔龍族？你為什麼還活著？,How did he destroy the Benlong? And why are you still alive?
game91.msg,12,0x00000C0D,dialogue,67,0E,,100,236,你若是覺得此地空氣稀薄，你早已死於此！我的身體構造異於我的族人才能使我生存下來，修斯他在這附近炸山，,"If the air here felt thin to you, you would already be dead. My body is built differently from my people's, and that is how I survive. Sius blasted the mountain near here,"
game91.msg,13,0x00000D0A,dialogue,67,0F,,72,236,造成外面的空氣進入我們所居住的洞穴中，族人們無法適應，一個個的接連死去。,"and the outside air poured into the cavern where we lived. My people could not adapt, and they died one after another."
game91.msg,14,0x00000E07,dialogue,1,10,,22,236,你怎麼能確定是他幹的？,How can you be sure it was him?
game91.msg,15,0x00000F04,dialogue,67,0,,100,236,族裡的巫師有顆靈驗的水晶球能測知發生過的事！我希望你能替我族人復仇！事成後我會送你最強的武器與防具。,Our tribe's shaman has a crystal ball that truly shows what has happened. I want you to avenge my people. When it is done I will give you the strongest weapon and armor.
game91.msg,16,0x00001001,dialogue,1,12,,36,236,好！破壞大地之美的人沒有活著的價值。,Agreed. A man who destroys the beauty of the earth has no right to be alive.
game91.msg,17,0x000010FE,dialogue,67,0,,6,236,謝謝！,Thank you!
game91.msg,18,0x000011FB,dialogue,67,0,,34,236,我知道你還沒辦到，因為我有水晶球！,"I know you have not done it yet, because I have the crystal ball."
game91.msg,19,0x000012F8,dialogue,67,22,,116,236,我知道你辦到了，因為我有水晶球！我為你打開本族的藏寶室，謝謝你為我族伸張正義！我的心願已了，從此可以平靜的渡過餘生！,"I know you did it, because I have the crystal ball. I've opened our treasure room for you. Thank you for our justice. My wish is granted; I can live out my days in peace."
game91.msg,20,0x000013F5,dialogue,67,0,,22,236,願我的祖先賜福給你們！,May my ancestors bless you.
game91.msg,21,0x000014F2,dialogue,1,17,,60,236,對於你們的遭遇我寄予無限的同情，耐何我們人微力薄，恕難相助！,"I feel deeply for what happened to you, but we are few and weak. Forgive us, we cannot help."
game91.msg,22,0x000015EF,dialogue,67,18,,72,236,我希望你們人類能愛護自己的生存環境，愛惜大自然，尊重每種動物的生存權利。,"I hope you humans will care for the place you live in, treasure nature, and respect every animal's right to live."
game91.msg,23,0x000016EC,dialogue,1,0,,22,236,我會記住你沉重的呼喻！,I will remember your heavy plea.
game91.msg,24,0x000017E9,dialogue,67,0,,38,236,不要再來打擾我了！讓我靜靜的等待死亡。,Do not come and disturb me again. Let me wait quietly for death.
game91.msg,30,0x00001DD7,dialogue,0,0,,62,236,這似乎是一種符號，也許我放入正確的物品就能觸動某些事情的發生！,"This looks like some kind of symbol. Perhaps if I place the right item here, something will happen."
game96.msg,0,0x00000031,dialogue,0,2,,40,236,歡迎來到蘇格禮，一座充滿藝術格調的小鎮！,"Welcome to Sugeli, a little town full of artistic taste!"
game96.msg,1,0x0000012E,dialogue,0,3,,26,236,本鎮的繪畫與木彫獨步全國！,Our painting and wood carving are the finest in the country.
game96.msg,2,0x0000022B,dialogue,0,0,,32,236,請你們尊重藝術創作者的心血結晶！,Please respect the work these artists have poured their hearts into.
game96.msg,3,0x00000328,dialogue,0,0,,24,236,回答我誰為音樂付出性命？,Answer me this: who gave his life for music?
game96.msg,4,0x00000425,dialogue,1,6,,14,236,是超脫合唱團！,Nirvana!
game96.msg,5,0x00000522,mixed,0,0,,102,236,是的！他們的主唱承受不了來的太快的成功，成功依舊無法填補空虛的心靈，他選擇自殺！超脫合唱團的CD送給你！,"Yes. Their singer could not bear how fast success came, and success still could not fill the emptiness in him. He chose to end his life. Here, take the Nirvana CD."
game96.msg,6,0x0000061F,dialogue,1,8,,40,236,是分不清顏色的尖鼻子超級巨星麥克傑克森！,"Michael Jackson, the pointy-nosed superstar who cannot tell one color from another!"
game96.msg,7,0x0000071C,dialogue,0,0,,46,236,在我們這個時代他還沒出生，在某個時代他還活著。,In our age he has not been born yet. In some other age he is still alive.
game96.msg,8,0x00000819,dialogue,1,0A,,24,236,是紅的發紫的樂團小紅莓！,"The Cranberries, the band everyone is mad about!"
game96.msg,9,0x00000916,dialogue,0,0,,46,236,在我們這個時代他還沒出生，在某個時代他還活著。,In our age he has not been born yet. In some other age he is still alive.
game96.msg,10,0x00000A13,dialogue,0,0,,12,236,我熱愛音樂！,I love music!
game96.msg,11,0x00000B10,dialogue,0,0D,,28,236,我愛喝酒，酒給我創做的靈感！,I love a drink. Wine gives me my inspiration.
game96.msg,12,0x00000C0D,dialogue,0,0,,18,236,敬發明酒的人一杯！,Here is to whoever invented wine!
game96.msg,13,0x00000D0A,dialogue,0,0,,68,236,聽說有一夥匪類，來到本鎮大肆破壞，好像就是你們！賤貨‧‧我討厭你們！,I hear a pack of bandits came to this town and smashed the place up. That sounds like you. Filth... I hate the lot of you.
game96.msg,14,0x00000E07,dialogue,0,10,,100,236,我的天份驚人，腦子裡充滿了美麗的造型‧‧只是我已失失去雙臂，這個世上有一把曠世名刀：沁冰刻刀，我只要,"My talent is astonishing, my head is full of beautiful shapes... only I have lost both my arms. There is one legendary blade in this world, the Chillfrost Carving Knife. If I only"
game96.msg,15,0x00000F04,dialogue,0,0,,86,236,擁有它，我會鍛鍊自己用嘴去創作，你們願意幫助我尋找沁冰刻刀嗎？我會以九天乾坤做為謝禮。,"had it, I would train myself to carve with my mouth. Will you help me find the Chillfrost Carving Knife? I will thank you with the Nine Heavens Cosmos."
game96.msg,16,0x00001001,dialogue,1,12,,8,236,沒問題！,No problem!
game96.msg,17,0x000010FE,dialogue,0,0,,10,236,感激不盡！,I cannot thank you enough.
game96.msg,18,0x000011FB,dialogue,0,0,,12,236,還沒找到嗎？,Not found it yet?
game96.msg,19,0x000012F8,dialogue,0,26,,44,236,謝謝你！這是九天乾坤，聽說在奔龍遺蹟用的著！,Thank you! Here is the Nine Heavens Cosmos. I hear it is useful in the Benlong Ruins.
game96.msg,20,0x000013F5,dialogue,0,0,,22,236,我一直在苦練用嘴彫刻！,I have been training hard to carve with my mouth.
game96.msg,21,0x000014F2,dialogue,1,17,,42,236,若是有心，什麼三流工具都刻的出完美的作品！,"If the will is there, even a third-rate tool can produce a perfect piece."
game96.msg,22,0x000015EF,dialogue,0,0,,30,236,一語驚醒夢中人！我會發奮圖強。,One sentence and I am wide awake. I will work harder than ever.
game96.msg,23,0x000016EC,dialogue,0,0,,18,236,你的鼓勵永難忘懷！,I will never forget your encouragement.
game96.msg,24,0x000017E9,dialogue,65,0,,74,236,我是阿里，一直窮困潦倒，我的作品得不到大家的賞識，藝術是主觀的，我不在乎！,"I am Ali. I have always been poor and down on my luck, and nobody thinks much of my work. Art is a matter of taste. I do not care."
game96.msg,25,0x000018E6,dialogue,65,0,,74,236,我賣的溫熱手鐲是到冰寒大廳觀光必備之物，能防止身體遭受嚴重凍傷，一支一萬！,The warming bracelets I sell are essential for a visit to the Frozen Hall. They keep your body from severe frostbite. Ten thousand each.
game96.msg,26,0x000019E3,dialogue,0,0,,6,236,我買！,I will buy one!
game96.msg,27,0x00001AE0,dialogue,4,0,,12,236,你在敲竹槓！,That is daylight robbery.
game96.msg,28,0x00001BDD,dialogue,1,2A,,48,236,聽說你能用約書亞樹枝做枯萎豎笛，我需要你的幫助！,I hear you can make a withering clarinet from a Joshua tree branch. I need your help.
game96.msg,29,0x00001CDA,dialogue,65,2B,,16,236,助人為快樂之本！,Helping others is the root of happiness.
game96.msg,30,0x00001DD7,dialogue,65,0,,20,236,你並沒有約書亞樹枝。,You do not have a Joshua tree branch.
game96.msg,31,0x00001ED4,dialogue,65,21,,32,236,不！我不會幫助對藝術不尊重的人！,No! I will not help anyone who has no respect for art.
game96.msg,32,0x00001FD1,dialogue,65,0,,14,236,你們令人僧恨！,You people are hateful.
game97.msg,0,0x00000031,dialogue,0,2,,84,236,我在礦坑中發現一隻金絲雀，牠看起來像烏鴉。我在竹籬笆外發現一朵牽牛花，它插在牛糞上。,"I found a canary in the mine shaft, and it looked like a crow. I found a morning glory outside the bamboo fence, and it was planted in cow dung."
game97.msg,1,0x0000012E,dialogue,0,3,,92,236,人生如夢，有好的夢，有壞的夢，我從來不做夢！人生如戲，有精緻大戲，有低級爛戲，我從來不看戲！,"Life is a dream, some good, some bad. I never dream. Life is a play, some fine, some cheap trash. I never watch plays."
game97.msg,2,0x0000022B,dialogue,0,0,,66,236,休斯王子前一陣子在奔龍遺蹟附近炸山取樂，他說：仁者樂山，智者樂水！,"Prince Sius was blasting the mountain near the Benlong Ruins a while back, for fun. He said: the wise delight in water, the good delight in hills."
game97.msg,3,0x00000328,dialogue,0,5,,122,236,階級制度有個好處，一些個愛慕虛榮自以為有幾分姿色的女子，再也不能飛上枝頭做鳳凰，所以我才能討到個如花似玉，美不勝收的老婆！,"The class system has one benefit. Vain girls who think they are pretty can no longer marry up into the branches, and that is how I got a wife as lovely as a flower."
game97.msg,4,0x00000425,dialogue,0,6,,88,236,這個國家雖然是富人愈富，窮人愈窮，我還是熱愛著這塊土地，它讓我種蕃薯種芭樂，娶得美嬌娘。,"The rich get richer and the poor get poorer in this country, but I still love this land. It lets me grow sweet potatoes and guavas, and it got me a beautiful wife."
game97.msg,5,0x00000522,dialogue,0,0,,36,236,我愛我的國家，希望國家也一樣的愛我！,I love my country. I hope my country loves me back.
game97.msg,6,0x0000061F,dialogue,0,8,,38,236,我有傾國傾城的容貌，卻只能每天吃蕃薯。,"I have a face that could topple a kingdom, and all I get to eat is sweet potatoes."
game97.msg,7,0x0000071C,dialogue,0,0,,28,236,紅顏薄命！此話一點都不假‧‧,Beauty always meets a hard fate. There is not a word of a lie in that...
game97.msg,8,0x00000819,dialogue,0,0,,12,236,是否要休息？,Rest here?
game98.msg,0,0x00000031,dialogue,67,2,,100,236,我是寫實派大師曹小安，我的雕刻有高難度高感度高技巧大手筆及最會被對面自稱抽象派領袖莊小俊抹黑的傑作。,"I'm Cao Xiao'an, master of realism. My carvings are hard, expressive, skilled and grand, and most smeared by Zhuang Xiaojun across the way, self-styled leader of abstraction."
game98.msg,1,0x0000012E,dialogue,67,0,,100,236,我要給他死我要放火燒他的厝我要‧我要‧他再也不能一柱擎天，這麼富有高貴情操的手段需要你來完成，好嗎？,I want him dead. I want to burn his house down. I want... I want him never to stand up straight again. This noble and high-minded plan needs you to carry it out. Will you?
game98.msg,2,0x0000022B,dialogue,1,4,,26,236,好！不過真的要這麼殘忍嗎？,All right. But does it really have to be that cruel?
game98.msg,3,0x00000328,dialogue,67,5,,92,236,我說的只是氣話，毀掉他的狗屁看不懂的畫就好了，事成後送你神奇功效增強能力的美酒一瓶，有效噢！,I was only talking in anger. Just destroy those useless paintings nobody can make sense of. When it's done I'll give you a bottle of fine wine that boosts your powers. It works!
game98.msg,4,0x00000425,dialogue,1,0,,14,236,這個條件不錯！,Those are decent terms.
game98.msg,5,0x00000522,dialogue,67,0,,28,236,毀掉他的狗屁看不懂的畫了嗎？,Have you destroyed those useless paintings nobody can make sense of?
game98.msg,6,0x0000061F,dialogue,67,0F,,24,236,你搞定了，所以你得到了！,"You handled it, so you have earned it."
game98.msg,7,0x0000071C,dialogue,67,0,,22,236,謝謝你幫我出了一口氣！,Thank you for getting that off my chest.
game98.msg,8,0x00000819,dialogue,1,0A,,6,236,不行！,I cannot do it.
game98.msg,9,0x00000916,dialogue,67,0,,6,236,算了！,Forget it then.
game98.msg,10,0x00000A13,dialogue,67,0,,44,236,你不是不行嗎？不行要去找阿舉師，來找我幹嘛！,"So you cannot do it? If you cannot do it, go see Master Aju. Why come to me?"
game98.msg,18,0x000011FB,dialogue,0,0,,18,236,是否要破壞此雕像！,Destroy this statue?
game99.msg,0,0x00000031,dialogue,66,2,,100,236,我是抽象派領袖莊小俊，我的畫風有意境有美感有正確的人生觀及最會被對面自稱寫實派大師曹小安幹譙的傑作。,"I'm Zhuang Xiaojun, leader of abstraction. My paintings have depth, beauty and a sound view of life, and most cursed by Cao Xiao'an across the way, self-styled master of realism."
game99.msg,1,0x0000012E,dialogue,66,0,,90,236,我要他放棄懶覺砍斷他的雙手別想再雕刻別想再賴床！這麼富有高貴情操的手段需要你來完成‧好嗎？,"I want him to give up his lazing. Cut off both his hands so he can never carve again and never lie in bed again! This noble, high-minded plan needs you to carry it out. Will you?"
game99.msg,2,0x0000022B,dialogue,1,4,,26,236,好！不過真的要這麼殘忍嗎？,All right. But does it really have to be that cruel?
game99.msg,3,0x00000328,dialogue,66,5,,116,236,我說的只是氣話，毀掉他的狗屁看不懂的破雕像就好了，事成後送你中間婁空可套在香蕉上的象牙一支，保證你用過之後對方說讚！,I was only talking in anger. Just destroy those useless carvings nobody can make sense of. When it's done I'll give you a hollow ivory tube that fits over a banana. Guaranteed praise.
game99.msg,4,0x00000425,dialogue,1,0,,14,236,這個條件不錯！,Those are decent terms.
game99.msg,5,0x00000522,dialogue,66,0,,24,236,毀掉他的狗屁爛雕像了嗎？,Have you destroyed those useless carvings of his?
game99.msg,6,0x0000061F,dialogue,66,0F,,24,236,你辦到了，所以你得到了！,"You did it, so you have earned it."
game99.msg,7,0x0000071C,dialogue,66,0,,22,236,謝謝你幫我出了一口氣！,Thank you for getting that off my chest.
game99.msg,8,0x00000819,dialogue,1,0A,,6,236,不行！,I cannot do it.
game99.msg,9,0x00000916,dialogue,66,0,,6,236,算了！,Forget it then.
game99.msg,10,0x00000A13,dialogue,66,0,,44,236,你不是不行嗎？不行要去找阿起師，來找我幹嘛！,"So you cannot do it? If you cannot do it, go see Master Aqi. Why come to me?"
game99.msg,18,0x000011FB,dialogue,0,0,,18,236,是否要破壞此圖畫！,Destroy this painting?
